OSD_ID,tissue,paradigm,gene,log2fc,fdr
OSD-99,EDL,FLIGHT,Fbxo32,-0.324628535438869,0.0984801011859904
OSD-99,EDL,FLIGHT,Trim63,0.0372354947037365,0.909405606564702
OSD-99,EDL,FLIGHT,Myh7,-0.224006580322472,0.801654488995177
OSD-99,EDL,FLIGHT,Myh4,-0.200095702273593,0.213319328782255
OSD-99,EDL,FLIGHT,Myh1,-0.110167866727035,0.606717415315001
OSD-99,EDL,FLIGHT,Myh2,0.602787942985967,0.0002588179034103
OSD-99,EDL,FLIGHT,Foxo1,0.490919786627542,0.0184661157749581
OSD-99,EDL,FLIGHT,Foxo3,-0.161461869083952,0.0327538111682846
OSD-99,EDL,FLIGHT,Mstn,-0.166390977400776,0.36643676461198
OSD-99,EDL,FLIGHT,Ampd3,0.189380164745273,0.0351932609896807
OSD-101,gastrocnemius,FLIGHT,Fbxo32,-0.0192950759295081,0.993044877710147
OSD-101,gastrocnemius,FLIGHT,Trim63,0.145411247622752,0.92254999584115
OSD-101,gastrocnemius,FLIGHT,Myh7,-0.370498861811009,0.955379276225501
OSD-101,gastrocnemius,FLIGHT,Myh4,-0.110662195492364,0.924872603239668
OSD-101,gastrocnemius,FLIGHT,Myh1,0.71308963071738,0.578839865199906
OSD-101,gastrocnemius,FLIGHT,Myh2,-0.0946122389035682,0.981306200715719
OSD-101,gastrocnemius,FLIGHT,Foxo1,0.0028034859261698,0.998345439784432
OSD-101,gastrocnemius,FLIGHT,Foxo3,0.0148946072639056,0.976572818900843
OSD-101,gastrocnemius,FLIGHT,Mstn,0.0018810074577968,0.998820232171946
OSD-101,gastrocnemius,FLIGHT,Ampd3,-0.118909667829929,0.926302588939549
OSD-103,quadriceps,FLIGHT,Fbxo32,-0.309767283488712,0.380097539420138
OSD-103,quadriceps,FLIGHT,Trim63,0.11396637865109,0.831319142585383
OSD-103,quadriceps,FLIGHT,Myh7,0.012128664306752,0.997412589988259
OSD-103,quadriceps,FLIGHT,Myh4,-0.281563391290631,0.10505990327165
OSD-103,quadriceps,FLIGHT,Myh1,-0.0266287323716555,0.98293154390447
OSD-103,quadriceps,FLIGHT,Myh2,0.761655718276249,0.634134075409599
OSD-103,quadriceps,FLIGHT,Foxo1,0.204963707638268,0.510836474558571
OSD-103,quadriceps,FLIGHT,Foxo3,-0.146526194313552,0.243454804632486
OSD-103,quadriceps,FLIGHT,Mstn,-0.0381797460144262,0.948857099539967
OSD-103,quadriceps,FLIGHT,Ampd3,-0.121990255404157,0.793967833684062
OSD-104,soleus,FLIGHT,Fbxo32,-0.357697795459318,0.0023847350477692
OSD-104,soleus,FLIGHT,Trim63,-0.310206086139024,0.0023973834926206
OSD-104,soleus,FLIGHT,Myh7,-0.353279504858682,0.0014854960866443
OSD-104,soleus,FLIGHT,Myh4,0.590475589577809,0.556458499997722
OSD-104,soleus,FLIGHT,Myh1,1.8057803351769,4.790230627089499e-44
OSD-104,soleus,FLIGHT,Myh2,0.0866635994162503,0.571858789546825
OSD-104,soleus,FLIGHT,Foxo1,0.226990741416084,0.286985062818321
OSD-104,soleus,FLIGHT,Foxo3,-0.0767260639542261,0.527065907993033
OSD-104,soleus,FLIGHT,Mstn,0.878859344819288,0.0026150340209471
OSD-104,soleus,FLIGHT,Ampd3,0.0078903099500171,0.967822074643639
OSD-105,tibialis anterior,FLIGHT,Fbxo32,-0.0305494406448539,0.971589906087522
OSD-105,tibialis anterior,FLIGHT,Trim63,0.406423966348312,0.476623073373904
OSD-105,tibialis anterior,FLIGHT,Myh7,0.0914323038750426,0.959256889219516
OSD-105,tibialis anterior,FLIGHT,Myh4,-0.0268127915245354,0.934472532993233
OSD-105,tibialis anterior,FLIGHT,Myh1,-0.209192673543439,0.211063380779109
OSD-105,tibialis anterior,FLIGHT,Myh2,-0.124920078020702,0.69361156310554
OSD-105,tibialis anterior,FLIGHT,Foxo1,0.290985712771852,0.19818311149458
OSD-105,tibialis anterior,FLIGHT,Foxo3,-0.112931307905024,0.383911273767847
OSD-105,tibialis anterior,FLIGHT,Mstn,0.220542835407678,0.260051608803663
OSD-105,tibialis anterior,FLIGHT,Ampd3,-0.0964455104041232,0.599666927220719
OSD-876,gastrocnemius,HLU,Fbxo32,0.240990216527588,0.292388494299121
OSD-876,gastrocnemius,HLU,Trim63,0.0557051776391714,0.88318211754519
OSD-876,gastrocnemius,HLU,Myh7,-0.0294658976593377,0.984751749620596
OSD-876,gastrocnemius,HLU,Myh4,0.0036673928552476,0.988835536300454
OSD-876,gastrocnemius,HLU,Myh1,0.303501759692653,0.135248690893199
OSD-876,gastrocnemius,HLU,Myh2,-0.989987624756149,0.0031783312102842
OSD-876,gastrocnemius,HLU,Foxo1,0.078680267573277,0.887221983543401
OSD-876,gastrocnemius,HLU,Foxo3,0.142241296966785,0.632914475569957
OSD-876,gastrocnemius,HLU,Mstn,0.267443032280607,0.148064471376379
OSD-876,gastrocnemius,HLU,Ampd3,-0.050949988478109,0.920423487529682
OSD-880,gastrocnemius,HLU,Fbxo32,-0.599576003213389,0.0998280090595364
OSD-880,gastrocnemius,HLU,Trim63,0.133687964797423,0.376056898975346
OSD-880,gastrocnemius,HLU,Myh7,-0.106808755161405,0.928297292663558
OSD-880,gastrocnemius,HLU,Myh4,-0.0700207695036418,0.805696608056934
OSD-880,gastrocnemius,HLU,Myh1,-0.050015071036621,0.925723131789818
OSD-880,gastrocnemius,HLU,Myh2,-0.590320002903458,0.292477375204929
OSD-880,gastrocnemius,HLU,Foxo1,0.146176507371013,0.645815399208772
OSD-880,gastrocnemius,HLU,Foxo3,0.0722294212367753,0.773528213174227
OSD-880,gastrocnemius,HLU,Mstn,0.29268255892059,0.187965233738889
OSD-880,gastrocnemius,HLU,Ampd3,-0.0162772777705227,0.978962498692277
OSD-935,soleus,HLU,Fbxo32,0.467963699623271,0.0027063563441807
OSD-935,soleus,HLU,Trim63,-0.121721817575349,0.493430443896727
OSD-935,soleus,HLU,Myh7,-1.08417722049578,3.2108562951361803e-09
OSD-935,soleus,HLU,Myh4,4.39936986753762,1.7626518439991298e-33
OSD-935,soleus,HLU,Myh1,2.07150540366762,7.07547962252497e-53
OSD-935,soleus,HLU,Myh2,-3.80259722593011,1.23126228713774e-09
OSD-935,soleus,HLU,Foxo1,0.549969182382551,0.0004755248511146
OSD-935,soleus,HLU,Foxo3,0.127279155207373,0.158684421132171
OSD-935,soleus,HLU,Mstn,1.65224810349184,2.28593485602423e-10
OSD-935,soleus,HLU,Ampd3,-0.585511666780886,5.09667579770855e-05
OSD-949,soleus,HLU,Fbxo32,0.44579333494119,0.837058810688235
OSD-949,soleus,HLU,Trim63,-0.292254849764239,0.900750160489036
OSD-949,soleus,HLU,Myh7,-0.46140205638972,0.87791940333752
OSD-949,soleus,HLU,Myh4,4.21735122120979,0.0263374302579858
OSD-949,soleus,HLU,Myh1,2.24882995343283,0.0488843087594247
OSD-949,soleus,HLU,Myh2,-3.37187969742381,0.0017392838701103
OSD-949,soleus,HLU,Foxo1,0.387245299364436,0.809817829296341
OSD-949,soleus,HLU,Foxo3,0.212229956246942,0.838559292411501
OSD-949,soleus,HLU,Mstn,1.07944303181869,0.586410589075466
OSD-949,soleus,HLU,Ampd3,0.123922949483727,0.940204089995521
