OSD_ID,tissue,paradigm,n_samples,groups,platform,expr_downloaded,expr_files,isa_downloaded,time_of_day_recorded,time_cols,errors
OSD-21,gastrocnemius,ANCHOR,23,Normally Loaded Control | 12 days | calf muscle | Not Applicable=5; Hindlimb Unloaded and Reloaded | 12 days plus reloading for 3.5hr | calf muscle | Not Applicable=5; Hindlimb Unloaded | 12 days | calf muscle | Not Appl,microarray,True,GLDS-21_array_normalized_expression_probeset_GLmicroarray.csv,True,False,,
OSD-237,dorsal skin,HLU,21,Normally Loaded Control | non-irradiated=6; Normally Loaded Control | cobalt-57 gamma radiation=6; Hindlimb Unloaded | cobalt-57 gamma radiation=6; Hindlimb Unloaded | non-irradiated=3,RNA-seq,True,GLDS-237_rna_seq_Normalized_Counts_GLbulkRNAseq.csv; GLDS-237_rna_seq_differential_expression_GLbulkRNAseq.csv,True,False,,
OSD-238,dorsal skin,FLIGHT,24,Space Flight | uG | JAXA Chow with FOS=3; Space Flight | uG | JAXA Chow=3; Space Flight | 1G by centrifugation | JAXA Chow with FOS=3; Space Flight | 1G by centrifugation | JAXA Chow=3; Vivarium Control | 1G on Earth | J,RNA-seq,True,GLDS-238_rna_seq_Normalized_Counts_GLbulkRNAseq.csv,True,False,,용량초과 건너뜀: GLDS-238_rna_seq_differential_expression_GLbulkRNAseq.csv (134MB)
OSD-240,dorsal skin,FLIGHT,20,Ground Control=10; Space Flight=10,RNA-seq,True,GLDS-240_rna_seq_differential_expression_GLbulkRNAseq.csv; GLDS-240_rna_seq_Normalized_Counts_GLbulkRNAseq.csv,True,False,,
OSD-243,dorsal skin,FLIGHT,53,Basal Control | 1 | On Earth | Upon euthanasia=10; Ground Control | ~60 | On Earth | Carcass=10; Ground Control | ~30 | On Earth | Upon euthanasia=9; Space Flight | ~30 | On Earth | Upon euthanasia=9; Space Flight | ~60 ,RNA-seq,True,GLDS-243_rna_seq_differential_expression_GLbulkRNAseq.csv; GLDS-243_rna_seq_Normalized_Counts_GLbulkRNAseq.csv,True,False,,
OSD-254,dorsal skin,FLIGHT,80,C57BL/6J | Basal Control | 0=10; C3H/HeJ | Basal Control | 0=10; C57BL/6J | Space Flight | ~75=5; C57BL/6J | Ground Control | ~25=5; C57BL/6J | Ground Control | ~75=5; C57BL/6J | Space Flight | ~25=5; C57BL/6J | Vivarium,RNA-seq,True,GLDS-254_rna_seq_Normalized_Counts_GLbulkRNAseq.csv,True,False,,용량초과 건너뜀: GLDS-254_rna_seq_differential_expression_GLbulkRNAseq.csv (446MB)
OSD-203,retina,HLU,59,7 | non-irradiated | Normally Loaded Control=6; 7 | cobalt-57 gamma radiation | Hindlimb Unloaded=6; 7 | cobalt-57 gamma radiation | Normally Loaded Control=5; 1 | non-irradiated | Normally Loaded Control=5; 4 | cobalt-5,RNA-seq,True,GLDS-203_rna_seq_Normalized_Counts_GLbulkRNAseq.csv,True,False,,용량초과 건너뜀: GLDS-203_rna_seq_differential_expression_GLbulkRNAseq.csv (298MB)
OSD-87,retina,FLIGHT,6,Ground Control=3; Space Flight=3,microarray,True,GLDS-87_array_normalized_expression_probeset_GLmicroarray.csv; GLDS-87_array_differential_expression_GLmicroarray.csv,True,False,,
OSD-194,retina,FLIGHT,13,Space Flight=5; Basal Control=4; Ground Control=4,RNA-seq,True,GLDS-194_rna_seq_Normalized_Counts_GLbulkRNAseq.csv; GLDS-194_rna_seq_differential_expression_GLbulkRNAseq.csv,True,False,,
OSD-255,retina,FLIGHT,16,Ground Control=8; Space Flight=8,RNA-seq,True,GLDS-255_rna_seq_Normalized_Counts_GLbulkRNAseq.csv; GLDS-255_rna_seq_differential_expression_GLbulkRNAseq.csv,True,False,,
OSD-758,retina,FLIGHT,35,Ground Control | 1G on Earth=12; Space Flight | 0.33G by centrifugation=6; Space Flight | 0.66G by centrifugation=6; Space Flight | 1G by centrifugation=6; Space Flight | uG=5,RNA-seq,True,GLDS-664_rna_seq_Normalized_Counts_GLbulkRNAseq.csv; GLDS-664_rna_seq_differential_expression_GLbulkRNAseq.csv,True,False,,
OSD-876,gastrocnemius,HLU,9,Normally Loaded Control=4; Hindlimb Unloaded and Reloaded=3; Hindlimb Unloaded=2,RNA-seq,True,GLDS-722_rna_seq_Normalized_Counts_GLbulkRNAseq.csv; GLDS-722_rna_seq_differential_expression_GLbulkRNAseq.csv,True,False,,
OSD-880,gastrocnemius,HLU,18,Control | Normally Loaded Control=3; Zfp697 mKO | Normally Loaded Control=3; Control | Hindlimb Unloaded=3; Zfp697 mKO | Hindlimb Unloaded=3; Control | Hindlimb Unloaded and Reloaded=3; Zfp697 mKO | Hindlimb Unloaded and,RNA-seq,True,GLDS-724_rna_seq_Normalized_Counts_GLbulkRNAseq.csv; GLDS-724_rna_seq_differential_expression_GLbulkRNAseq.csv,True,False,,
OSD-101,gastrocnemius,FLIGHT,16,Ground Control=7; Space Flight=7; Not Applicable=2,RNA-seq,True,GLDS-101_rna_seq_Normalized_Counts_GLbulkRNAseq.csv; GLDS-101_rna_seq_differential_expression_GLbulkRNAseq.csv,True,False,,
OSD-419,gastrocnemius,FLIGHT,12,Ground Control=8; Space Flight=4,RNA-seq,True,GLDS-419_rna_seq_Normalized_Counts_GLbulkRNAseq.csv; GLDS-419_rna_seq_differential_expression_GLbulkRNAseq.csv,True,False,,
OSD-935,soleus,HLU,20,Normally Loaded Control | sham irradiation | Non-treated=10; Hindlimb Unloaded | x-ray radiation | corticosterone=10,RNA-seq,True,GLDS-763_rna_seq_Normalized_Counts_GLbulkRNAseq.csv; GLDS-763_rna_seq_differential_expression_GLbulkRNAseq.csv,True,False,,
OSD-949,soleus,HLU,30,Control | Female | Normally Loaded Control=5; AMPKalpha mKO | Male | Normally Loaded Control=5; AMPKalpha mKO | Female | Hindlimb Unloaded=5; Control | Male | Hindlimb Unloaded=4; Control | Female | Hindlimb Unloaded=3; ,RNA-seq,True,GLDS-774_rna_seq_Normalized_Counts_GLbulkRNAseq.csv; GLDS-774_rna_seq_differential_expression_GLbulkRNAseq.csv,True,False,,
OSD-104,soleus,FLIGHT,12,Ground Control=6; Space Flight=6,RNA-seq,True,GLDS-104_rna_seq_Normalized_Counts_GLbulkRNAseq.csv; GLDS-104_rna_seq_differential_expression_GLbulkRNAseq.csv,True,False,,
OSD-714,soleus,FLIGHT,21,Ground Control | 1G on Earth | Mouse Habitat Unit 1 (MHU-1)=3; Space Flight | 1G with centrifugation | Mouse Habitat Unit 1 (MHU-1)=3; Space Flight | uG | Mouse Habitat Unit 1 (MHU-1)=3; Ground Control | 1G on Earth | Mo,RNA-seq,True,GLDS-638_rna_seq_Normalized_Counts_GLbulkRNAseq.csv; GLDS-638_rna_seq_differential_expression_GLbulkRNAseq.csv,True,False,,
OSD-770,soleus,FLIGHT,30,Space Flight=10; Ground Control=10; Vivarium Control=10,RNA-seq,True,GLDS-673_rna_seq_Normalized_Counts_GLbulkRNAseq.csv; GLDS-673_rna_seq_differential_expression_GLbulkRNAseq.csv,True,True,Parameter Value[light cycle],
OSD-201,spleen,HLU,32,Hindlimb Unloaded | not tetanus toxoid injected | not CpG injected=4; Hindlimb Unloaded | tetanus toxoid injected | not CpG injected=4; Hindlimb Loaded Control | tetanus toxoid injected | not CpG injected=4; Hindlimb Unl,RNA-seq,True,GLDS-201_rna_seq_Normalized_Counts_GLbulkRNAseq.csv; GLDS-201_rna_seq_differential_expression_GLbulkRNAseq.csv,True,False,,
OSD-211,spleen,HLU,21,Normally Loaded Control | non-irradiated=6; Normally Loaded Control | cobalt-57 gamma radiation=6; Hindlimb Unloaded | cobalt-57 gamma radiation=6; Hindlimb Unloaded | non-irradiated=3,RNA-seq,True,GLDS-211_rna_seq_Normalized_Counts_GLbulkRNAseq.csv; GLDS-211_rna_seq_differential_expression_GLbulkRNAseq.csv,True,False,,
OSD-246,spleen,FLIGHT,44,Basal Control | 1 | On Earth | Upon euthanasia=10; Ground Control | ~30 | On Earth | Upon euthanasia=9; Space Flight | ~30 | On Earth | Upon euthanasia=8; Ground Control | ~60 | On Earth | Carcass=7; Space Flight | ~60 |,RNA-seq,True,GLDS-246_rna_seq_Normalized_Counts_GLbulkRNAseq.csv; GLDS-246_rna_seq_differential_expression_GLbulkRNAseq.csv,True,False,,
OSD-288,spleen,FLIGHT,9,Space Flight | 1G by centrifugation=3; Ground Control | 1G on Earth=3; Space Flight | uG=3,RNA-seq,True,GLDS-288_rna_seq_Normalized_Counts_GLbulkRNAseq.csv; GLDS-288_rna_seq_differential_expression_GLbulkRNAseq.csv,True,False,,
OSD-506,spleen,FLIGHT,28,Ground Control=10; Space Flight=9; Vivarium Control=9,RNA-seq,True,GLDS-506_rna_seq_Normalized_Counts_GLbulkRNAseq.csv; GLDS-506_rna_seq_differential_expression_GLbulkRNAseq.csv,True,True,Parameter Value[light cycle],
OSD-214,bone marrow,HLU,24,Hindlimb Unloaded | not tetanus toxoid injected | not CpG injected=3; Hindlimb Unloaded | not tetanus toxoid injected | CpG injected=3; Hindlimb Unloaded | tetanus toxoid injected | not CpG injected=3; Hindlimb Unloaded ,RNA-seq,True,GLDS-214_rna_seq_Normalized_Counts_GLbulkRNAseq.csv; GLDS-214_rna_seq_differential_expression_GLbulkRNAseq.csv,True,False,,
OSD-690,bone marrow,FLIGHT,24,Wild Type | Ground Control=6; Nrf2KO | Ground Control=6; Wild Type | Space Flight=6; Nrf2KO | Space Flight=6,RNA-seq,True,GLDS-620_rna_seq_Normalized_Counts_GLbulkRNAseq.csv; GLDS-620_rna_seq_differential_expression_GLbulkRNAseq.csv,True,False,,
