strength,drive_period_h,period_ratio,observed_period_h,rotation_number,phase_drift_per_cycle,oscillating,entrained
0.0,19.638201049393402,0.82,23.94900743084031,0.806101664229849,0.18000004481775309,True,False
0.0,19.925589357433307,0.8320000000000001,23.94900743084031,0.8178982739502858,0.1680000454736226,True,False
0.0,20.212977665473208,0.844,23.94900743084031,0.8296948836707225,0.15600004612949228,True,False
0.0,20.500365973513112,0.856,23.94900743084031,0.8414914933911594,0.14400004678536177,True,False
0.0,20.787754281553017,0.868,23.94900743084031,0.8532881031115962,0.13200004744123128,True,False
0.0,21.075142589592918,0.8799999999999999,23.94900743084031,0.8650847128320329,0.12000004809710091,True,False
0.0,21.362530897632823,0.892,23.94900743084031,0.8768813225524698,0.10800004875297037,True,False
0.0,21.649919205672724,0.9039999999999999,23.94900743084031,0.8886779322729066,0.09600004940884008,True,False
0.0,21.93730751371263,0.9159999999999999,23.94900743084031,0.9004745419933434,0.08400005006470955,True,False
0.0,22.224695821752533,0.9279999999999999,23.94900743084031,0.9122711517137803,0.07200005072057908,True,False
0.0,22.512084129792434,0.94,23.94900743084031,0.924067761434217,0.060000051376448725,True,False
0.0,22.79947243783234,0.952,23.94900743084031,0.9358643711546538,0.048000052032318226,True,False
0.0,23.086860745872244,0.964,23.94900743084031,0.9476609808750907,0.03600005268818774,True,False
0.0,23.374249053912145,0.9759999999999999,23.94900743084031,0.9594575905955274,0.0240000533440574,True,False
0.0,23.66163736195205,0.988,23.94900743084031,0.9712542003159642,0.0120000539999269,True,False
0.0,23.949025669991954,1.0,23.94900743084031,0.983050810036401,5.4655796403565107e-08,True,True
0.0,24.236413978031855,1.012,23.94900743084031,0.9948474197568379,0.011999944688333944,True,False
0.0,24.52380228607176,1.024,23.94900743084031,1.0066440294772747,0.023999944032464443,True,False
0.0,24.811190594111665,1.036,23.94900743084031,1.0184406391977117,0.03599994337659494,True,False
0.0,25.098578902151566,1.0479999999999998,23.94900743084031,1.0302372489181484,0.04799994272072529,True,False
0.0,25.38596721019147,1.06,23.94900743084031,1.042033858638585,0.05999994206485576,True,False
0.0,25.673355518231375,1.072,23.94900743084031,1.053830468359022,0.07199994140898626,True,False
0.0,25.960743826271276,1.0839999999999999,23.94900743084031,1.0656270780794588,0.08399994075311662,True,False
0.0,26.24813213431118,1.0959999999999999,23.94900743084031,1.0774236877998957,0.09599994009724713,True,False
0.0,26.535520442351086,1.108,23.94900743084031,1.0892202975203324,0.10799993944137762,True,False
0.0,26.822908750390987,1.1199999999999999,23.94900743084031,1.1010169072407692,0.11999993878550796,True,False
0.0,27.11029705843089,1.132,23.94900743084031,1.1128135169612061,0.1319999381296384,True,False
0.0,27.397685366470792,1.144,23.94900743084031,1.1246101266816428,0.14399993747376882,True,False
0.0,27.685073674510697,1.156,23.94900743084031,1.1364067364020796,0.15599993681789928,True,False
0.0,27.9724619825506,1.168,23.94900743084031,1.1482033461225163,0.16799993616202966,True,False
0.0,28.259850290590503,1.18,23.94900743084031,1.1599999558429532,0.17999993550616014,True,False
0.01,19.638201049393402,0.82,23.88721586003885,0.8105030410570475,0.1756746143663287,True,False
0.01,19.925589357433307,0.8320000000000001,23.89924566015634,0.8222981131607887,0.16366327307011702,True,False
0.01,20.212977665473208,0.844,23.91424242436824,0.8483488312367243,0.15146381085286537,True,False
0.01,20.500365973513112,0.856,23.894332274347562,0.8463517030826173,0.13931656999586828,True,False
0.01,20.787754281553017,0.868,23.90720408141624,0.8728563505597337,0.12708774447263088,True,False
0.01,21.075142589592918,0.8799999999999999,23.95244490429718,0.8697605076548789,0.11488751610636593,True,False
0.01,21.362530897632823,0.892,23.826190724372736,0.8827707265595949,0.10246621063504661,True,False
0.01,21.649919205672724,0.9039999999999999,23.857980547100397,0.9099272336231938,0.09006009096637736,True,False
0.01,21.93730751371263,0.9159999999999999,23.822343005239873,0.9224329872190417,0.07762783098072372,True,False
0.01,22.224695821752533,0.9279999999999999,23.78117171712256,0.9358396856867545,0.06497931042365394,True,False
0.01,22.512084129792434,0.94,23.69886868700405,0.9496431138950432,0.05164686050466917,True,False
0.01,22.79947243783234,0.952,23.7427722774446,0.9449986032372445,0.03641235119301147,True,False
0.01,23.086860745872244,0.964,23.254214141666125,0.9840547505865473,0.01858674308457838,True,False
0.01,23.374249053912145,0.9759999999999999,23.374141414165933,1.0000086159125467,2.1010787877006185e-06,True,True
0.01,23.66163736195205,0.988,23.661260516047605,1.0000087907486337,1.32897149144253e-06,True,True
0.01,23.949025669991954,1.0,23.949320791959508,1.0000080032266756,1.7247142994475367e-06,True,True
0.01,24.236413978031855,1.012,24.236270006150335,0.9830607299838343,5.349172652439404e-06,True,True
0.01,24.52380228607176,1.024,24.148080808222403,1.0018735405194368,0.021538274755968433,True,False
0.01,24.811190594111665,1.036,24.054504385739165,1.0348090606509277,0.03567354168436045,True,False
0.01,25.098578902151566,1.0479999999999998,24.04675789490375,1.0472751056179865,0.04778254685754798,True,False
0.01,25.38596721019147,1.06,24.03740099010065,1.0609780261161357,0.06075447580066889,True,False
0.01,25.673355518231375,1.072,24.038898826139302,1.07322271840019,0.07339400033129168,True,False
0.01,25.960743826271276,1.0839999999999999,24.03897959187634,1.0851764392212107,0.08567726482158024,True,False
0.01,26.24813213431118,1.0959999999999999,24.016200000047775,1.0991341317146002,0.09805190005390783,True,False
0.01,26.535520442351086,1.108,24.02393069297068,1.1106296282121373,0.11035537878245925,True,False
0.01,26.822908750390987,1.1199999999999999,24.000629702993137,1.104237624602514,0.12254745973674198,True,False
0.01,27.11029705843089,1.132,24.02960000008352,1.134690137526437,0.1347398762634591,True,False
0.01,27.397685366470792,1.144,23.98687029711914,1.1280953623281953,0.14687316043848173,True,False
0.01,27.685073674510697,1.156,24.01041661815225,1.1396038391600207,0.1589267144502125,True,False
0.01,27.9724619825506,1.168,24.00603434324239,1.170814238794661,0.17101678866224582,True,False
0.01,28.259850290590503,1.18,24.001098039448152,1.1831291734034441,0.1831319947855679,True,False
0.02,19.638201049393402,0.82,23.79318996429447,0.8161607218478226,0.16943058897554436,True,False
0.02,19.925589357433307,0.8320000000000001,23.841890685148883,0.8425002949893923,0.15788519450937702,True,False
0.02,20.212977665473208,0.844,23.78392982386049,0.8554932074389094,0.14444117907788726,True,False
0.02,20.500365973513112,0.856,23.800874146520982,0.8673986866936393,0.13228779913127361,True,False
0.02,20.787754281553017,0.868,23.754217507988187,0.880926391693059,0.1194053982408612,True,False
0.02,21.075142589592918,0.8799999999999999,23.682244444526987,0.8787719453225428,0.10593858084871072,True,False
0.02,21.362530897632823,0.892,23.524421693459317,0.9085048895041365,0.09199570392939703,True,False
0.02,21.649919205672724,0.9039999999999999,23.448096969425933,0.9227944639287339,0.07677233106648756,True,False
0.02,21.93730751371263,0.9159999999999999,23.153039674759384,0.9402112294207442,0.059806923810554205,True,False
0.02,22.224695821752533,0.9279999999999999,22.55081632629026,0.9696546126131654,0.028529782043898215,True,False
0.02,22.512084129792434,0.94,22.512000249698758,1.000008387756124,1.622828081145565e-06,True,True
0.02,22.79947243783234,0.952,22.799999999999727,1.0000041726813214,7.80953605335153e-08,True,True
0.02,23.086860745872244,0.964,23.086260564923577,1.0000091489525926,1.360269790063647e-06,True,True
0.02,23.374249053912145,0.9759999999999999,23.37496666692232,1.0000092290694014,1.093631338031697e-06,True,True
0.02,23.66163736195205,0.988,23.660981128216008,1.000005449544374,3.7245386346060885e-07,True,True
0.02,23.949025669991954,1.0,23.94969019621567,1.000006811358756,7.262459297563847e-07,True,True
0.02,24.236413978031855,1.012,24.236862744987775,0.9655249016621463,1.3370988940075283e-06,True,False
0.02,24.52380228607176,1.024,24.52351776301839,1.0000085701737518,2.2774158497896196e-06,True,True
0.02,24.811190594111665,1.036,24.38993877559824,1.0268725123434124,0.02235306209876607,True,False
0.02,25.098578902151566,1.0479999999999998,24.232723111995256,1.0408191981502164,0.041937116660926956,True,False
0.02,25.38596721019147,1.06,24.159460605979802,1.0565722467725294,0.057338188738698975,True,False
0.02,25.673355518231375,1.072,24.156846603453005,1.053652897027547,0.07174691221968062,True,False
0.02,25.960743826271276,1.0839999999999999,24.15978142760696,1.0647000405299463,0.08428066571090675,True,False
0.02,26.24813213431118,1.0959999999999999,24.106799999996838,1.0990664984255936,0.09757405841223221,True,False
0.02,26.535520442351086,1.108,24.063123232275302,1.0362232236102749,0.11145061477320484,True,False
0.02,26.822908750390987,1.1199999999999999,24.137984050978048,1.0855557480478013,0.1229948948795523,True,False
0.02,27.11029705843089,1.132,24.110460606106017,1.1162940239205748,0.13594129277693706,True,False
0.02,27.397685366470792,1.144,24.11414851471727,1.1293184085730685,0.14812230339149668,True,False
0.02,27.685073674510697,1.156,24.124510890990223,1.1410533558513456,0.1612445464248526,True,False
0.02,27.9724619825506,1.168,24.104640403986195,1.1735508961790129,0.17293171506581365,True,False
0.02,28.259850290590503,1.18,24.11850098937748,1.166455191485821,0.18555205619096393,True,False
0.03,19.638201049393402,0.82,23.802576724066967,0.8333369553872749,0.16671303678753158,True,False
0.03,19.925589357433307,0.8320000000000001,23.80990772888049,0.8502154059575352,0.14994248487186101,True,False
0.03,20.212977665473208,0.844,23.435651927366962,0.8652756275625537,0.13632587862346807,True,False
0.03,20.500365973513112,0.856,23.830709250942164,0.8742950271257295,0.1250643199843797,True,False
0.03,20.787754281553017,0.868,23.007823129295502,0.8662463522000424,0.10536915671545379,True,False
0.03,21.075142589592918,0.8799999999999999,22.896287878677413,0.9098923616256196,0.09116643923605064,True,False
0.03,21.362530897632823,0.892,22.557734059467975,0.9342527965502385,0.06218427955531063,True,False
0.03,21.649919205672724,0.9039999999999999,21.649684210420673,1.0000105863951037,7.924482464140109e-06,True,True
0.03,21.93730751371263,0.9159999999999999,21.937927748300353,1.0000078450100367,1.1104564842261823e-06,True,True
0.03,22.224695821752533,0.9279999999999999,22.224374999701922,1.0000094838776787,1.3860046812957186e-06,True,True
0.03,22.512084129792434,0.94,22.510918367505155,1.0000083756965104,5.040502556868198e-07,True,True
0.03,22.79947243783234,0.952,22.800000000000182,1.0000032811307284,7.458346952469344e-07,True,True
0.03,23.086860745872244,0.964,23.086252318918923,1.000009697621244,1.0776759942584999e-06,True,True
0.03,23.374249053912145,0.9759999999999999,23.376176046184355,1.0000082812200524,6.396711447108534e-07,True,True
0.03,23.66163736195205,0.988,23.66036538630715,1.000002434029007,3.791745268679443e-08,True,True
0.03,23.949025669991954,1.0,23.95020198024781,0.8813613667010691,2.606382010067929e-07,True,False
0.03,24.236413978031855,1.012,24.23690157264491,1.0000114024482518,1.6311770493327497e-06,True,True
0.03,24.52380228607176,1.024,24.52333333313436,1.0000086021170085,7.653661269661145e-07,True,True
0.03,24.811190594111665,1.036,24.810864173620757,1.0000087776990907,1.5849722065944634e-06,True,True
0.03,25.098578902151566,1.0479999999999998,24.906001624837018,1.0207011328753828,0.02303692028251066,True,False
0.03,25.38596721019147,1.06,24.30778303682837,1.0526779648779496,0.05061229806439905,True,False
0.03,25.673355518231375,1.072,24.251980246604035,1.0319485492520482,0.06719188446251693,True,False
0.03,25.960743826271276,1.0839999999999999,24.234552941359652,1.084889891146376,0.08222814252525773,True,False
0.03,26.24813213431118,1.0959999999999999,24.246599999814862,1.0948171141485923,0.0956082760237994,True,False
0.03,26.535520442351086,1.108,24.23467627525315,1.0740982063205398,0.11144703744939297,True,False
0.03,26.822908750390987,1.1199999999999999,24.240000000000236,1.1237251909007013,0.12486338126355433,True,False
0.03,27.11029705843089,1.132,24.230821414962293,1.0786692452049493,0.13669473608081836,True,False
0.03,27.397685366470792,1.144,24.23140000022886,1.1491972076522525,0.148274442104117,True,False
0.03,27.685073674510697,1.156,24.190474207364105,1.1675721395062102,0.16624542039316575,True,False
0.03,27.9724619825506,1.168,24.213147194833027,1.1543436440989838,0.1735330521397756,True,False
0.03,28.259850290590503,1.18,24.18824536070224,1.186040065790002,0.187517482474121,True,False
0.04,19.638201049393402,0.82,23.61224999994056,0.8466349612485582,0.15279285083107227,True,False
0.04,19.925589357433307,0.8320000000000001,23.539821165800277,0.8567316070751664,0.1428168816747982,True,False
0.04,20.212977665473208,0.844,23.32058947384303,0.862422768157896,0.12189867600464084,True,False
0.04,20.500365973513112,0.856,22.67616228044062,0.8895277744273192,0.1110574745305534,True,False
0.04,20.787754281553017,0.868,20.787537028193128,1.0000109006826086,1.068580633851978e-06,True,True
0.04,21.075142589592918,0.8799999999999999,21.074992191790898,1.0000080397225797,2.792977363207299e-06,True,True
0.04,21.362530897632823,0.892,21.36170784696924,1.0000082776760577,2.0963177227179422e-08,True,True
0.04,21.649919205672724,0.9039999999999999,21.649473684429722,1.0000101780321864,7.205044101244789e-06,True,True
0.04,21.93730751371263,0.9159999999999999,21.937676738500613,1.0000089244469472,6.040299756920881e-07,True,True
0.04,22.224695821752533,0.9279999999999999,22.223233858048843,1.0000076385064884,9.06117411055977e-07,True,True
0.04,22.512084129792434,0.94,22.511130908634414,1.0000101484167923,5.377690617459969e-07,True,True
0.04,22.79947243783234,0.952,22.799999999999727,1.000002126137173,1.0914696100058303e-06,True,True
0.04,23.086860745872244,0.964,23.086891362666847,1.000010387072863,9.322025700328811e-07,True,True
0.04,23.374249053912145,0.9759999999999999,23.375716161429864,1.000007517755911,5.108560673440206e-07,True,True
0.04,23.66163736195205,0.988,23.66010000005349,1.000000170259505,2.1945031326631104e-07,True,True
0.04,23.949025669991954,1.0,23.948999999761327,1.0000050729434975,5.989645899927344e-09,True,True
0.04,24.236413978031855,1.012,24.23654436029483,1.0000121289171109,1.3481423787358402e-06,True,True
0.04,24.52380228607176,1.024,24.52350611537713,1.000008652506234,3.198443963597752e-07,True,True
0.04,24.811190594111665,1.036,24.81034646838907,1.0000094749802484,7.999422729925746e-07,True,True
0.04,25.098578902151566,1.0479999999999998,25.099029126185997,1.0000102447823718,2.6524086266158247e-06,True,True
0.04,25.38596721019147,1.06,25.399417475759947,0.9810220048835087,0.0010413689451527328,True,True
0.04,25.673355518231375,1.072,24.595540078282284,1.0387427766690724,0.057130877531092604,True,False
0.04,25.960743826271276,1.0839999999999999,24.366751351580206,1.0618727859213124,0.0763880519854007,True,False
0.04,26.24813213431118,1.0959999999999999,24.366995046883858,1.072331325110136,0.09067905961722726,True,False
0.04,26.535520442351086,1.108,24.283564355969702,1.111683567763639,0.11113032279612169,True,False
0.04,26.822908750390987,1.1199999999999999,24.348927029631795,1.1043673531893001,0.1249337078677301,True,False
0.04,27.11029705843089,1.132,24.320155193507617,1.134425442851257,0.13472389278274569,True,False
0.04,27.397685366470792,1.144,24.314867415800563,1.1413468132524918,0.14280656317215257,True,False
0.04,27.685073674510697,1.156,24.226488548740235,1.1682069259868435,0.16680450428849228,True,False
0.04,27.9724619825506,1.168,24.3469967775045,1.1485955542026582,0.1667143715339101,True,False
0.04,28.259850290590503,1.18,24.24751649484051,1.1859723345648903,0.1876056495750322,True,False
0.05,19.638201049393402,0.82,23.280023391694158,0.845777210691484,0.1382640154844,True,False
0.05,19.925589357433307,0.8320000000000001,22.77450359821364,0.8769539068599926,0.11993861136774756,True,False
0.05,20.212977665473208,0.844,20.213171036094536,0.985721866181248,2.1970511029856654e-07,True,True
0.05,20.500365973513112,0.856,20.5,1.000008359113727,2.5693719875649308e-06,True,True
0.05,20.787754281553017,0.868,20.788107760399498,1.0000110151730317,5.722544085975919e-07,True,True
0.05,21.075142589592918,0.8799999999999999,21.076381685584693,1.000006114480344,2.3702340404846884e-06,True,True
0.05,21.362530897632823,0.892,21.361994341015816,1.000011542068105,2.590361864163904e-07,True,True
0.05,21.649919205672724,0.9039999999999999,21.649932017326137,1.0000100698075056,7.097874176888322e-06,True,True
0.05,21.93730751371263,0.9159999999999999,21.93874342106301,1.000007959035378,3.394668075474209e-07,True,True
0.05,22.224695821752533,0.9279999999999999,22.223251718431584,0.9206406395408969,5.948225981471285e-07,True,False
0.05,22.512084129792434,0.94,22.511882266849398,0.9677516135704812,4.4728812619109313e-07,True,False
0.05,22.79947243783234,0.952,22.800000000000182,1.00000139260037,1.2457684918957195e-06,True,True
0.05,23.086860745872244,0.964,23.089399999976195,1.0000106185882436,8.504645004904296e-07,True,True
0.05,23.374249053912145,0.9759999999999999,23.37557396747161,1.0000066217674526,4.121588169044214e-07,True,True
0.05,23.66163736195205,0.988,23.660599999986516,0.9999983642049088,4.31089572184441e-07,True,True
0.05,23.949025669991954,1.0,23.95019770935187,0.8135627071381178,9.006766513357498e-08,True,False
0.05,24.236413978031855,1.012,24.2359058820457,1.0000132312491414,1.32227707861967e-06,True,True
0.05,24.52380228607176,1.024,24.523333333432674,1.00000774659042,9.128495617368287e-08,True,True
0.05,24.811190594111665,1.036,24.81065867126017,0.9824647100878909,7.146810072153597e-07,True,True
0.05,25.098578902151566,1.0479999999999998,25.09984389841611,1.0000090284836034,2.2688905197695155e-06,True,True
0.05,25.38596721019147,1.06,25.385002311617427,1.000009208289282,1.0904108074956497e-06,True,True
0.05,25.673355518231375,1.072,24.72155722320076,1.0323241642059484,0.05167412517598947,True,False
0.05,25.960743826271276,1.0839999999999999,24.55810861408736,1.0641133568696222,0.06741128554456305,True,False
0.05,26.24813213431118,1.0959999999999999,24.512697445042477,1.0845703063827605,0.0871885883689254,True,False
0.05,26.535520442351086,1.108,24.408338945135256,1.111424509142316,0.1105884032331968,True,False
0.05,26.822908750390987,1.1199999999999999,24.391454839259495,1.1120144728390682,0.11133770213182284,True,False
0.05,27.11029705843089,1.132,24.217083714678665,1.1453786147989484,0.1430656749862142,True,False
0.05,27.397685366470792,1.144,24.392988275289554,1.0886323999872054,0.14282264280594306,True,False
0.05,27.685073674510697,1.156,24.256541654467583,1.1482022445128854,0.16689562489493642,True,False
0.05,27.9724619825506,1.168,24.337334693670527,1.168505063097086,0.16681518231714285,True,False
0.05,28.259850290590503,1.18,24.27698604673151,1.179996868224917,0.20001061014618463,True,False
0.06,19.638201049393402,0.82,19.639657755494227,1.0000156064941104,1.929003383126955e-07,True,True
0.06,19.925589357433307,0.8320000000000001,19.924708886742792,1.000015198285166,1.4275028206522314e-06,True,True
0.06,20.212977665473208,0.844,20.21139560431243,1.00000418625932,2.1072230781750946e-07,True,True
0.06,20.500365973513112,0.856,20.5,1.000008477334858,2.401558213593122e-06,True,True
0.06,20.787754281553017,0.868,20.788122145459283,1.0000135557226992,7.814558086208745e-07,True,True
0.06,21.075142589592918,0.8799999999999999,21.07591467469956,1.0000065854222193,2.1701367551386773e-06,True,True
0.06,21.362530897632823,0.892,21.35996453907319,1.000012896682522,3.0142408319600633e-07,True,True
0.06,21.649919205672724,0.9039999999999999,21.649473684429722,1.0000100892709147,7.064043444569536e-06,True,True
0.06,21.93730751371263,0.9159999999999999,21.937894736826593,1.0000036276506499,4.807634211735464e-08,True,True
0.06,22.224695821752533,0.9279999999999999,22.2250620657951,0.984131728433848,1.1566122444239508e-06,True,True
0.06,22.512084129792434,0.94,22.51181148737669,0.9838794490721795,5.987878362560543e-08,True,True
0.06,22.79947243783234,0.952,22.800000000000182,1.000000618397425,1.3403782808274333e-06,True,True
0.06,23.086860745872244,0.964,23.089114285409323,1.0000089803587964,7.291264863210701e-07,True,True
0.06,23.374249053912145,0.9759999999999999,23.375353535264594,1.0000057617928848,2.838923020290002e-07,True,True
0.06,23.66163736195205,0.988,23.660798020064703,0.9666635589158131,7.327878207065947e-07,True,False
0.06,23.949025669991954,1.0,23.94939040973759,1.0000033519835105,2.635974016494582e-07,True,True
0.06,24.236413978031855,1.012,24.234168989565205,1.0000147545757123,1.3627134190631408e-06,True,True
0.06,24.52380228607176,1.024,24.52376237601129,1.0000057544433407,9.743645347999188e-08,True,True
0.06,24.811190594111665,1.036,24.81147915460224,1.0000068648925806,2.1411077096252866e-07,True,True
0.06,25.098578902151566,1.0479999999999998,25.099841976613106,1.0000094105432373,2.1517974417735387e-06,True,True
0.06,25.38596721019147,1.06,25.384970126896405,1.000007602260489,6.572635608964396e-07,True,True
0.06,25.673355518231375,1.072,25.674137362819238,0.9090965928838558,2.0439774913117094e-06,True,False
0.06,25.960743826271276,1.0839999999999999,25.13335144922121,1.0515603915743787,0.05424638390627181,True,False
0.06,26.24813213431118,1.0959999999999999,24.576883871108294,1.0625621348998193,0.08238391076701282,True,False
0.06,26.535520442351086,1.108,24.636705788224845,1.0922954000360052,0.09373898678204322,True,False
0.06,26.822908750390987,1.1199999999999999,24.485830160118894,1.1147864025009264,0.116478014241468,True,False
0.06,27.11029705843089,1.132,24.447697436213275,1.1316283883772085,0.13487415271676212,True,False
0.06,27.397685366470792,1.144,24.280223115905756,1.1467580913364237,0.1666055205372027,True,False
0.06,27.685073674510697,1.156,24.473480585897505,1.1405448726802165,0.1612840086733463,True,False
0.06,27.9724619825506,1.168,24.27930953405803,1.1562513852960192,0.1736303424202098,True,False
0.06,28.259850290590503,1.18,24.128716494925357,1.197780455713332,0.1984100592214788,True,False
0.07,19.638201049393402,0.82,19.638889172374547,1.0000173746483498,2.8565627688140186e-07,True,True
0.07,19.925589357433307,0.8320000000000001,19.92311111122308,1.000016195583167,1.1763281983671812e-06,True,True
0.07,20.212977665473208,0.844,20.21204830914712,0.9999997079433804,4.1667829784110204e-07,True,True
0.07,20.500365973513112,0.856,20.5,0.9855156269276437,2.3408172206313545e-06,True,True
0.07,20.787754281553017,0.868,20.788135985135796,0.9853055542835368,2.7185580981609723e-07,True,True
0.07,21.075142589592918,0.8799999999999999,21.07548387110205,1.0000068264807516,1.9926233578865577e-06,True,True
0.07,21.362530897632823,0.892,21.3617956325038,1.0000106076902302,3.894946509767781e-07,True,True
0.07,21.649919205672724,0.9039999999999999,21.648024635911497,1.0000104414655062,7.0450875607336714e-06,True,True
0.07,21.93730751371263,0.9159999999999999,21.935019736960385,1.000000573992266,1.36390059708205e-07,True,True
0.07,22.224695821752533,0.9279999999999999,22.225670102834556,1.000003358744253,4.344646898718222e-07,True,True
0.07,22.512084129792434,0.94,22.511495897471832,0.9838787723156678,6.393076726532162e-07,True,True
0.07,22.79947243783234,0.952,22.800000000000182,0.9677416178549636,1.2957954768432243e-06,True,False
0.07,23.086860745872244,0.964,23.08673469394398,1.0000049292790794,5.973105984980095e-07,True,True
0.07,23.374249053912145,0.9759999999999999,23.37288218922913,1.0000050559524198,1.5485296788262768e-07,True,True
0.07,23.66163736195205,0.988,23.662480248212887,0.9166628195557985,7.851750115499171e-07,True,False
0.07,23.949025669991954,1.0,23.95000784333797,1.0000022700799007,3.49962215541279e-07,True,True
0.07,24.236413978031855,1.012,24.23306930676108,1.0000155854833737,1.3866711348527444e-06,True,True
0.07,24.52380228607176,1.024,24.526213591992928,1.0000020869471695,3.175172832688968e-07,True,True
0.07,24.811190594111665,1.036,24.812158766538232,1.0000041175045058,4.5020246819528055e-10,True,True
0.07,25.098578902151566,1.0479999999999998,25.09971994027478,1.0000103537115945,2.0514960110516332e-06,True,True
0.07,25.38596721019147,1.06,25.385153099224226,0.9636413390248011,3.678790140702918e-07,True,False
0.07,25.673355518231375,1.072,25.67059269517722,1.0000052702820141,3.143853361350152e-06,True,True
0.07,25.960743826271276,1.0839999999999999,25.960000000000036,1.0000147053037265,3.947134242093495e-06,True,True
0.07,26.24813213431118,1.0959999999999999,24.5159386138248,1.091076675824033,0.09365188017546001,True,False
0.07,26.535520442351086,1.108,24.535514286160833,1.1060660029623248,0.10064059542552653,True,False
0.07,26.822908750390987,1.1199999999999999,24.588685714005805,1.113114296547229,0.11523303939234861,True,False
0.07,27.11029705843089,1.132,24.600597848258985,1.1077417524239195,0.12028422514556872,True,False
0.07,27.397685366470792,1.144,24.695530569031916,1.1218194726133348,0.12481606971329809,True,False
0.07,27.685073674510697,1.156,24.281688580066202,1.171716926803531,0.16979724717852443,True,False
0.07,27.9724619825506,1.168,24.013615077436043,1.1923551336423495,0.1931030040560454,True,False
0.07,28.259850290590503,1.18,24.731274513900644,1.1445305048796561,0.16672160459605315,True,False
0.08,19.638201049393402,0.82,19.637722884715004,1.0000163578234702,1.3101237277531986e-07,True,True
0.08,19.925589357433307,0.8320000000000001,19.921810100041284,0.9577616960046921,8.58987514411611e-07,True,False
0.08,20.212977665473208,0.844,20.212847375050387,0.999994656237455,6.401895001954077e-07,True,True
0.08,20.500365973513112,0.856,20.5,0.9855154835924695,2.184146186375143e-06,True,True
0.08,20.787754281553017,0.868,20.7861605891585,1.0000090990150758,4.989401750416711e-07,True,True
0.08,21.075142589592918,0.8799999999999999,21.074662933945547,1.000004687289811,1.7891480943919435e-06,True,True
0.08,21.362530897632823,0.892,21.36432810768474,1.0000083809291447,4.11961520087965e-07,True,True
0.08,21.649919205672724,0.9039999999999999,21.645752192885084,1.0000116024632448,7.103856700691306e-06,True,True
0.08,21.93730751371263,0.9159999999999999,21.93437500014943,0.9999995790192656,1.6514685809788207e-07,True,True
0.08,22.224695821752533,0.9279999999999999,22.22326530605551,1.000002312586047,4.224456818982854e-07,True,True
0.08,22.512084129792434,0.94,22.511887425780287,1.0000096735802106,3.3191908486429117e-07,True,True
0.08,22.79947243783234,0.952,22.800000000000182,0.9677411182639742,2.0278543946865232e-06,True,False
0.08,23.086860745872244,0.964,23.081999999880736,1.000001016851538,4.362436788475996e-07,True,True
0.08,23.374249053912145,0.9759999999999999,23.373800000101255,1.000004128277555,3.2906072358442314e-08,True,True
0.08,23.66163736195205,0.988,23.663960396051607,0.9833299833505711,9.374090045781501e-07,True,True
0.08,23.949025669991954,1.0,23.952152475118055,0.966104741413047,3.1113245460316625e-07,True,False
0.08,24.236413978031855,1.012,24.23366666644779,1.0000143391223995,1.2994106971783766e-06,True,True
0.08,24.52380228607176,1.024,24.526666666902656,0.9999965387693778,5.478037408610667e-07,True,True
0.08,24.811190594111665,1.036,24.81100133270047,0.9999994600724484,2.4859233460658197e-07,True,True
0.08,25.098578902151566,1.0479999999999998,25.09973983734858,1.0000106592454137,2.0448535098224037e-06,True,True
0.08,25.38596721019147,1.06,25.38704761907411,1.0000018290047101,4.2424183571369885e-08,True,True
0.08,25.673355518231375,1.072,25.671774387210462,1.000002468459546,3.3207078560886123e-06,True,True
0.08,25.960743826271276,1.0839999999999999,25.960000000000036,1.00001451160929,3.83393905336197e-06,True,True
0.08,26.24813213431118,1.0959999999999999,26.249137241635708,1.0000039589874639,3.7178187991832e-08,True,True
0.08,26.535520442351086,1.108,24.280131495743944,1.1275725514436101,0.12531157162500367,True,False
0.08,26.822908750390987,1.1199999999999999,24.568023292272983,1.0578552302501845,0.11337970391709551,True,False
0.08,27.11029705843089,1.132,24.854006124027364,1.0785933654236544,0.1005742878344169,True,False
0.08,27.397685366470792,1.144,24.26253333330169,1.1498235369289138,0.14646144511002646,True,False
0.08,27.685073674510697,1.156,23.71220705539008,1.1821043485616771,0.19983651226259805,True,False
0.08,27.9724619825506,1.168,24.629086868576906,1.1452127608177234,0.16387064440386345,True,False
0.08,28.259850290590503,1.18,24.595869565233443,1.182850192758789,0.1863410198364555,True,False
0.09,19.638201049393402,0.82,19.638838965892774,1.0000158958280443,2.021101972650334e-08,True,True
0.09,19.925589357433307,0.8320000000000001,19.928272626548278,1.000014105840725,9.99656165101311e-07,True,True
0.09,20.212977665473208,0.844,20.21289836511005,0.99999828046986,5.212080409194814e-07,True,True
0.09,20.500365973513112,0.856,20.5,1.0000083506692188,2.20860529938524e-06,True,True
0.09,20.787754281553017,0.868,20.791463300585747,0.9852993594722328,1.5586699825138442e-06,True,True
0.09,21.075142589592918,0.8799999999999999,21.089368565529185,0.8382354856902657,2.4173833771738633e-06,True,False
0.09,21.362530897632823,0.892,21.366076966673063,1.000004389026331,6.317643477387252e-07,True,True
0.09,21.649919205672724,0.9039999999999999,21.650416666660476,1.0000162402476995,7.244603619270151e-06,True,True
0.09,21.93730751371263,0.9159999999999999,21.9378134381775,0.9999988193566525,2.2372232025309614e-07,True,True
0.09,22.224695821752533,0.9279999999999999,22.223149589747663,0.9682496634212248,2.5349811804814878e-08,True,False
0.09,22.512084129792434,0.94,22.510460761748618,1.0000075616945054,1.6124800602441724e-07,True,True
0.09,22.79947243783234,0.952,22.800008245706522,0.9999937525096826,1.7145709693040616e-06,True,True
0.09,23.086860745872244,0.964,23.25007215019332,0.9834759781249648,6.043373324813313e-06,True,True
0.09,23.374249053912145,0.9759999999999999,23.617089709043285,0.9833349390945066,9.208765033882878e-06,True,True
0.09,23.66163736195205,0.988,23.65921562567337,1.0000027458604515,2.4862298544608737e-06,True,True
0.09,23.949025669991954,1.0,24.138474510312335,0.9662649115964758,9.619335053654133e-06,True,False
0.09,24.236413978031855,1.012,24.288330421354658,0.999946717631988,1.2474514162449745e-06,True,True
0.09,24.52380228607176,1.024,24.523025089036764,0.9824481105559124,8.090973013910893e-07,True,True
0.09,24.811190594111665,1.036,24.809708737731853,0.9999918480689433,6.423605088839267e-07,True,True
0.09,25.098578902151566,1.0479999999999998,25.097435897364903,1.0000087436844352,1.8672945832486624e-06,True,True
0.09,25.38596721019147,1.06,25.386730769276255,0.9999965086337542,3.0384356079159977e-07,True,True
0.09,25.673355518231375,1.072,25.675443365871615,0.9999983011223913,3.610710625438454e-06,True,True
0.09,25.960743826271276,1.0839999999999999,25.960000000000036,1.0000148136593083,3.7621785581939325e-06,True,True
0.09,26.24813213431118,1.0959999999999999,26.24780952364199,1.000002440181798,2.4431979075348524e-07,True,True
0.09,26.535520442351086,1.108,26.534916240572784,1.0000096810945198,1.7994993458594104e-06,True,True
0.09,26.822908750390987,1.1199999999999999,24.928202019929586,1.0973775581936045,0.09832150760973964,True,False
0.09,27.11029705843089,1.132,24.80928912936247,1.0831745874799812,0.12271650827354562,True,False
0.09,27.397685366470792,1.144,24.304065515156708,1.1544744449350315,0.16266042963236782,True,False
0.09,27.685073674510697,1.156,24.382023566067346,1.1656930314823133,0.16801124913419188,True,False
0.09,27.9724619825506,1.168,24.64997404575297,1.1711877148641925,0.16053712440101167,True,False
0.09,28.259850290590503,1.18,22.82359481737012,1.2100111388974486,0.25009641210844824,True,False
0.1,19.638201049393402,0.82,19.6366292135408,0.9861267234723963,2.4407080452652244e-08,True,True
0.1,19.925589357433307,0.8320000000000001,19.925111111104343,1.0000088789619184,8.407431364957793e-07,True,True
0.1,20.212977665473208,0.844,20.212974890172518,0.9714336092605191,6.505230924499787e-07,True,False
0.1,20.500365973513112,0.856,20.5,0.9855156008520555,2.1862772483245028e-06,True,True
0.1,20.787754281553017,0.868,20.789424865395176,0.9999940019478878,2.1415153667343459e-07,True,True
0.1,21.075142589592918,0.8799999999999999,21.081655227653755,0.9999846447917513,8.631281107119026e-07,True,True
0.1,21.362530897632823,0.892,21.365586785972027,0.9696907298350056,1.6677018172705009e-06,True,False
0.1,21.649919205672724,0.9039999999999999,21.65073684193203,0.9999937701473142,6.316449946452076e-06,True,True
0.1,21.93730751371263,0.9159999999999999,22.334915328062834,0.9843721700495682,7.715323066570224e-06,True,True
0.1,22.224695821752533,0.9279999999999999,22.761277526169806,0.9837303863882202,2.480447518130023e-05,True,True
0.1,22.512084129792434,0.94,23.136900695841177,0.9838787791445758,7.584769362193324e-07,True,True
0.1,22.79947243783234,0.952,22.801991733163504,0.9999990453322695,2.5053380345252367e-06,True,True
0.1,23.086860745872244,0.964,23.772494616061522,0.9513014386545899,3.753105536527414e-05,True,False
0.1,23.374249053912145,0.9759999999999999,23.371772499792314,1.000005116942345,1.8407494501234323e-07,True,True
0.1,23.66163736195205,0.988,23.66147368431075,0.9999980277893465,1.168133759070474e-06,True,True
0.1,23.949025669991954,1.0,24.579172618686698,0.9995466226749026,2.5443839171327134e-05,True,True
0.1,24.236413978031855,1.012,23.654683982431834,1.0004340769335807,2.0139171842017922e-05,True,True
0.1,24.52380228607176,1.024,24.00599152892846,1.0003809207839784,1.8863956159989603e-05,True,True
0.1,24.811190594111665,1.036,25.25138423472663,0.9295316393291044,2.886284348797657e-05,True,False
0.1,25.098578902151566,1.0479999999999998,25.097339041344867,1.0000093359269615,1.0944630881553114e-07,True,True
0.1,25.38596721019147,1.06,25.50929411783818,0.999892069506684,6.508312185399138e-06,True,True
0.1,25.673355518231375,1.072,25.678457875251752,0.9999953753632632,3.825640804910708e-06,True,True
0.1,25.960743826271276,1.0839999999999999,25.96038095235872,1.0000157298791517,3.738141164899156e-06,True,True
0.1,26.24813213431118,1.0959999999999999,26.24885354906337,1.0000003267926116,3.998167085128883e-07,True,True
0.1,26.535520442351086,1.108,26.535163110494977,0.9814885831508255,1.3811189453166936e-06,True,True
0.1,26.822908750390987,1.1199999999999999,26.82358490526667,1.000002909065624,7.005219113287677e-07,True,True
0.1,27.11029705843089,1.132,24.905963265001446,1.096980966447666,0.11205428975108943,True,False
0.1,27.397685366470792,1.144,24.846687963008662,1.1221791910111212,0.11467313765373247,True,False
0.1,27.685073674510697,1.156,24.934377778172802,1.1260234407745868,0.1313643940031823,True,False
0.1,27.9724619825506,1.168,22.45681063115626,1.2123649850799205,0.25023264153253416,True,False
0.1,28.259850290590503,1.18,24.63492424242213,1.157175675790732,0.17789973267913067,True,False
0.11,19.638201049393402,0.82,19.63617977499962,0.9861273317122202,6.79249626779504e-08,True,True
0.11,19.925589357433307,0.8320000000000001,19.920178266167795,0.9859157886895372,3.691037089308256e-07,True,True
0.11,20.212977665473208,0.844,20.217230296507296,0.9857224898850687,3.2024154276654517e-07,True,True
0.11,20.500365973513112,0.856,20.5,1.0000095928107455,2.2312587603644826e-06,True,True
0.11,20.787754281553017,0.868,20.87020582765308,0.9705719192802859,3.452261494544407e-06,True,False
0.11,21.075142589592918,0.8799999999999999,21.487777777314022,0.9852821445877546,1.339849281300845e-05,True,True
0.11,21.362530897632823,0.892,21.975572116375133,0.9697027454557536,3.661605920409848e-05,True,False
0.11,21.649919205672724,0.9039999999999999,21.647737374007875,0.985148006497927,3.28850108959506e-05,True,True
0.11,21.93730751371263,0.9159999999999999,22.74601307198418,0.9843693144313699,6.348766621612488e-06,True,True
0.11,22.224695821752533,0.9279999999999999,23.078754227161426,0.9993725138443197,2.975192222130666e-05,True,True
0.11,22.512084129792434,0.94,23.40066666662642,0.9838756848321241,8.000493489592955e-06,True,False
0.11,22.79947243783234,0.952,22.803175341281758,1.0000004571850625,2.231498518494395e-06,True,True
0.11,23.086860745872244,0.964,22.222088411450386,1.000634250845835,2.9941523453941112e-05,True,True
0.11,23.374249053912145,0.9759999999999999,24.095590966641794,0.9992353439266584,4.4435700415811576e-05,True,True
0.11,23.66163736195205,0.988,23.6945540890747,0.9999880283188879,1.0707620387527073e-06,True,True
0.11,23.949025669991954,1.0,24.53573934853057,0.9992882148616027,4.585037487329194e-05,True,True
0.11,24.236413978031855,1.012,23.696231292783523,1.00043636193358,1.5325020574984556e-05,True,True
0.11,24.52380228607176,1.024,23.959897084236218,1.0005920323282893,2.7561871290389656e-05,True,True
0.11,24.811190594111665,1.036,24.206698113232505,1.000460068355008,2.2099577919681043e-05,True,True
0.11,25.098578902151566,1.0479999999999998,25.099809058755454,1.000009596414507,2.2578374823393413e-06,True,True
0.11,25.38596721019147,1.06,24.88287502288813,1.000364017428296,1.677013912154969e-05,True,True
0.11,25.673355518231375,1.072,25.27042681828152,1.0002898752456695,1.0368968878257081e-05,True,True
0.11,25.960743826271276,1.0839999999999999,25.71308418005674,1.000205745635884,1.61226824050521e-05,True,True
0.11,26.24813213431118,1.0959999999999999,26.246778077334056,0.9814860098580295,1.7100690809467454e-07,True,True
0.11,26.535520442351086,1.108,26.53852920040481,0.9259265794388082,8.046448510508445e-07,True,False
0.11,26.822908750390987,1.1199999999999999,26.822803738265975,1.0000014094267191,5.264280681376363e-07,True,True
0.11,27.11029705843089,1.132,27.11098047591736,1.0000028694610497,2.228500232571395e-07,True,True
0.11,27.397685366470792,1.144,24.69841152995832,1.1445528093486306,0.1579247780136014,True,False
0.11,27.685073674510697,1.156,22.13230718791465,1.190270649586088,0.2501581575205849,True,False
0.11,27.9724619825506,1.168,24.306432655360368,1.1925170326876309,0.18435270406183632,True,False
0.11,28.259850290590503,1.18,24.55423677619501,1.1842857779911982,0.18842490572571824,True,False
0.12,19.638201049393402,0.82,19.63334848478462,1.0000098866756295,8.294073559859005e-08,True,True
0.12,19.925589357433307,0.8320000000000001,19.927903381585566,0.9999923321426722,9.178580819957341e-08,True,True
0.12,20.212977665473208,0.844,20.211182795762852,1.0000091665498128,4.962915449415284e-07,True,True
0.12,20.500365973513112,0.856,20.501674806028632,0.9859021396665275,1.982925065146875e-05,True,True
0.12,20.787754281553017,0.868,21.473937670588384,0.9852924802769831,9.762165826574395e-06,True,True
0.12,21.075142589592918,0.8799999999999999,21.07762897618113,1.0000052747156003,8.04609212621979e-07,True,True
0.12,21.362530897632823,0.892,21.36680498018859,1.0000167038893033,6.989264368603255e-07,True,False
0.12,21.649919205672724,0.9039999999999999,21.65454287447028,0.9853109862376181,6.169995158355038e-05,True,False
0.12,21.93730751371263,0.9159999999999999,22.891723652575365,0.9687549376774692,3.484305136822361e-05,True,False
0.12,22.224695821752533,0.9279999999999999,23.043276420235543,0.9990384604352465,5.653317095592684e-05,True,False
0.12,22.512084129792434,0.94,22.612584920022528,0.9998248025082026,9.278756677310165e-06,True,False
0.12,22.79947243783234,0.952,22.848416432589147,0.9998457070615202,1.8362910812876622e-05,True,False
0.12,23.086860745872244,0.964,23.121634343266578,0.9991024156198741,2.98487792656372e-05,True,False
0.12,23.374249053912145,0.9759999999999999,23.350285997986475,1.0000355208159164,4.453263872575048e-05,True,False
0.12,23.66163736195205,0.988,23.66545148517889,0.9826033925198825,7.219369437532393e-05,True,False
0.12,23.949025669991954,1.0,23.94412347078287,1.000199222768844,8.172088244875942e-05,True,True
0.12,24.236413978031855,1.012,25.24052149899353,0.9813922842670416,8.32832527663041e-05,True,False
0.12,24.52380228607176,1.024,24.477774181216773,1.000883073121251,6.729277438248708e-05,True,True
0.12,24.811190594111665,1.036,24.807267550527968,0.9830865166833207,5.497307477645963e-05,True,True
0.12,25.098578902151566,1.0479999999999998,25.08604834020116,1.0000095252581933,1.8443707606061957e-06,True,True
0.12,25.38596721019147,1.06,25.38418039210137,0.9824304573398785,2.3659134359262185e-05,True,True
0.12,25.673355518231375,1.072,25.266938997954185,1.0003261382382314,8.374531195665176e-06,True,True
0.12,25.960743826271276,1.0839999999999999,26.46080813616527,0.999643490581739,1.786518981139964e-05,True,True
0.12,26.24813213431118,1.0959999999999999,26.246407740414043,1.000003762973849,6.963538898523652e-07,True,True
0.12,26.535520442351086,1.108,26.534933612793566,1.0000096944792412,3.670297630287477e-06,True,True
0.12,26.822908750390987,1.1199999999999999,26.823526715040316,1.0000006726328918,5.247743291886861e-07,True,True
0.12,27.11029705843089,1.132,27.109560401439694,1.0000021254835876,1.3927001180599628e-07,True,True
0.12,27.397685366470792,1.144,27.397518172413584,0.9607910797017762,6.812371622481377e-07,True,False
0.12,27.685073674510697,1.156,25.317979798018314,1.0783483579025275,0.11952714093546384,True,False
0.12,27.9724619825506,1.168,24.53242105305253,1.161949121970109,0.1820208949948533,True,False
0.12,28.259850290590503,1.18,24.893600000143124,1.141643170053675,0.16756905922037396,True,False
0.13,19.638201049393402,0.82,19.947168915271504,0.9861222370968319,1.0247062498741385e-05,True,True
0.13,19.925589357433307,0.8320000000000001,19.927861780151943,0.9863217810862432,8.936474726289794e-06,True,True
0.13,20.212977665473208,0.844,20.21469484154136,1.0000036610305751,1.0809215628061098e-06,True,True
0.13,20.500365973513112,0.856,21.35591836720687,0.999399534540065,2.4590423639913622e-05,True,False
0.13,20.787754281553017,0.868,21.723225108385122,0.9852870673318116,4.347471385801946e-06,True,False
0.13,21.075142589592918,0.8799999999999999,21.186249554902588,1.000029588264963,6.9421180185979755e-06,True,False
0.13,21.362530897632823,0.892,21.5496934387088,1.0003604461333333,1.4326741681892241e-05,True,False
0.13,21.649919205672724,0.9039999999999999,21.816926829293152,0.9850623279318923,6.709166821908686e-05,True,False
0.13,21.93730751371263,0.9159999999999999,21.95481744829567,1.0006359076877216,2.024698738952467e-05,True,False
0.13,22.224695821752533,0.9279999999999999,22.261495808958898,0.9683028523054995,5.51195747485073e-05,True,False
0.13,22.512084129792434,0.94,23.6584780218966,1.0012158675326381,6.408053775714541e-05,True,False
0.13,22.79947243783234,0.952,24.403569811284797,1.0011974375709987,6.453391344396543e-05,True,False
0.13,23.086860745872244,0.964,24.693856603949826,0.9988673407478191,5.303338746425826e-05,True,False
0.13,23.374249053912145,0.9759999999999999,25.03648148179036,0.983341084165123,6.75670307982892e-05,True,False
0.13,23.66163736195205,0.988,25.04194107443095,1.0000379973009352,7.91416818555751e-05,True,False
0.13,23.949025669991954,1.0,24.30987538933732,1.0004633008568025,8.715687441313522e-05,True,False
0.13,24.236413978031855,1.012,24.506369483834078,0.985022932363369,0.00018648475822599214,True,False
0.13,24.52380228607176,1.024,24.570570727512177,0.9846021168298615,0.00010406721443156943,True,False
0.13,24.811190594111665,1.036,24.952107395976782,1.0005019568553035,8.324770489785863e-05,True,False
0.13,25.098578902151566,1.0479999999999998,25.061843999028497,0.9821983354195275,6.95445469864132e-05,True,False
0.13,25.38596721019147,1.06,25.384571428671734,0.9991068493421943,0.00022153659743214015,True,False
0.13,25.673355518231375,1.072,25.665769230723527,1.0000701642746492,4.2681477582705066e-05,True,True
0.13,25.960743826271276,1.0839999999999999,25.94048076927629,0.9819858369766767,9.625693329261808e-06,True,True
0.13,26.24813213431118,1.0959999999999999,26.530654850118026,1.0000048411321023,4.780031025839713e-05,True,False
0.13,26.535520442351086,1.108,26.534892643839157,1.0000388565510163,1.4976173698534387e-06,True,True
0.13,26.822908750390987,1.1199999999999999,27.20466666638822,0.9997122223548133,1.5553550759949652e-05,True,True
0.13,27.11029705843089,1.132,27.11053257942217,1.000005693146747,4.54163956092631e-06,True,True
0.13,27.397685366470792,1.144,27.39658733189094,1.0000132602747598,1.8018895205572782e-06,True,True
0.13,27.685073674510697,1.156,27.678502683043007,1.0000131538702868,3.0673839066752855e-06,True,True
0.13,27.9724619825506,1.168,23.862742136493125,1.1480480717809087,0.19676463787531304,True,False
0.13,28.259850290590503,1.18,24.987226230353144,1.1584138050974668,0.14624251058515403,True,False
0.14,19.638201049393402,0.82,19.650108552575148,1.0000088977173913,1.2814901158978115e-06,True,True
0.14,19.925589357433307,0.8320000000000001,20.760233739613795,0.9994042570775209,2.532001881992449e-05,True,False
0.14,20.212977665473208,0.844,21.14695847347366,0.9857665771088049,6.006408127805109e-06,True,False
0.14,20.500365973513112,0.856,21.447377573251288,0.9993267988531334,2.8511771443611606e-05,True,False
0.14,20.787754281553017,0.868,21.57019480526469,0.9853165348506122,5.238675929693173e-06,True,False
0.14,21.075142589592918,0.8799999999999999,21.11483997456753,0.9999492571458132,2.517188151018986e-05,True,False
0.14,21.362530897632823,0.892,21.357704037874782,1.0000101216032193,6.708797200121666e-05,True,False
0.14,21.649919205672724,0.9039999999999999,21.623901281506733,1.0015082869518273,5.5953685481814836e-05,True,False
0.14,21.93730751371263,0.9159999999999999,21.90963074064348,0.9999971493487445,2.7750828073272062e-05,True,False
0.14,22.224695821752533,0.9279999999999999,23.721956103146113,1.0000214861740617,3.6704442036769784e-05,True,False
0.14,22.512084129792434,0.94,23.99556160375505,0.9841168698134523,0.0001557102044157828,True,False
0.14,22.79947243783234,0.952,24.3044131858087,0.9692926828547453,5.003033516149657e-05,True,False
0.14,23.086860745872244,0.964,24.650829629675172,0.9988974696575368,5.5323199735741976e-05,True,False
0.14,23.374249053912145,0.9759999999999999,24.99907235100818,1.0000093347062995,5.356365113484689e-05,True,False
0.14,23.66163736195205,0.988,23.66944271862485,0.9844855222080744,0.0002362766071879863,True,False
0.14,23.949025669991954,1.0,24.752016953229713,0.9824628098064904,4.347454313133807e-05,True,False
0.14,24.236413978031855,1.012,25.022037172037926,0.9833888151191341,1.496142073155607e-05,True,False
0.14,24.52380228607176,1.024,25.223212888240596,0.9299830797390694,0.00034164842773590855,True,False
0.14,24.811190594111665,1.036,25.563380471468008,1.002433114645676,0.00036174084876868944,True,False
0.14,25.098578902151566,1.0479999999999998,25.459225108064402,0.964802902488291,0.00024629097200532386,True,False
0.14,25.38596721019147,1.06,25.86009090960033,0.9997195656490971,0.00020600770903350999,True,False
0.14,25.673355518231375,1.072,26.004888889118774,0.9997466830308968,0.00028404214846892083,True,False
0.14,25.960743826271276,1.0839999999999999,26.12834776740965,0.981821638219032,0.00035752240153431164,True,False
0.14,26.24813213431118,1.0959999999999999,26.253417439460463,0.9816229002444463,0.0003453697668946051,True,False
0.14,26.535520442351086,1.108,26.514474393427008,0.9814735380109099,4.01124595924108e-05,True,True
0.14,26.822908750390987,1.1199999999999999,26.948243757895852,0.9439239149960952,1.0709442974907849e-05,True,False
0.14,27.11029705843089,1.132,27.10713681959578,0.9999967368938851,7.575893111217115e-06,True,True
0.14,27.397685366470792,1.144,27.394742437824334,0.9999961155027686,1.3633517575304632e-06,True,True
0.14,27.685073674510697,1.156,27.68369846262044,1.0000033401469428,3.946606424723843e-06,True,True
0.14,27.9724619825506,1.168,27.972075757756556,1.0000146477153014,1.4652617093640523e-06,True,True
0.14,28.259850290590503,1.18,24.435507692098327,1.1770740728952216,0.1893540093275549,True,False
0.15,19.638201049393402,0.82,19.746036590262975,1.0000113870607483,4.037220776913915e-06,True,False
0.15,19.925589357433307,0.8320000000000001,20.68174117028684,0.9989980947615071,5.70975470832649e-05,True,False
0.15,20.212977665473208,0.844,20.19899084657436,0.9999728935912464,2.9424094746369867e-05,True,False
0.15,20.500365973513112,0.856,20.504086021185685,1.0003329124693947,3.079662504634912e-06,True,False
0.15,20.787754281553017,0.868,20.782225810587533,0.9853117415797219,7.264458378193332e-05,True,False
0.15,21.075142589592918,0.8799999999999999,21.0759317278862,1.0012384678931623,3.6106621387426367e-05,True,False
0.15,21.362530897632823,0.892,21.53011427741467,0.9707376996231109,0.00016044787924407607,True,False
0.15,21.649919205672724,0.9039999999999999,22.474087026417692,0.9662967514987941,3.254036534693329e-05,True,False
0.15,21.93730751371263,0.9159999999999999,22.860292617976484,0.9993549219630039,3.924699358470918e-05,True,False
0.15,22.224695821752533,0.9279999999999999,23.352786949575147,1.000001465355963,6.951194804154065e-05,True,False
0.15,22.512084129792434,0.94,23.807701413035375,0.9999902183070782,4.535434333977242e-05,True,False
0.15,22.79947243783234,0.952,24.195513106883027,1.0019517225235044,0.00010498952621160522,True,False
0.15,23.086860745872244,0.964,24.710444063097384,0.9988554006072431,3.84661054622541e-05,True,False
0.15,23.374249053912145,0.9759999999999999,24.77325125880543,1.000917281395476,0.00021573015538316559,True,False
0.15,23.66163736195205,0.988,23.677920036017895,0.9832148216748466,0.0003260310083281161,True,False
0.15,23.949025669991954,1.0,24.829054097086555,1.000295002396772,1.700547203800011e-05,True,False
0.15,24.236413978031855,1.012,25.977830807567443,0.9672962487384009,3.409926732571903e-05,True,False
0.15,24.52380228607176,1.024,24.998138033747637,0.9999799140998319,0.0006131738697665777,True,False
0.15,24.811190594111665,1.036,25.17444880187486,0.9989513147987084,0.0007690381070852079,True,False
0.15,25.098578902151566,1.0479999999999998,25.65977156192048,0.9788732687530742,0.00045441116608214505,True,False
0.15,25.38596721019147,1.06,25.57622222200007,1.0007549476152584,0.0006849832444251628,True,False
0.15,25.673355518231375,1.072,25.662048517465337,0.9980395865924305,0.0004152595589563928,True,False
0.15,25.960743826271276,1.0839999999999999,26.194332127422058,0.9817755552266169,0.0012152022745312511,True,False
0.15,26.24813213431118,1.0959999999999999,26.2883062432702,1.0000588724820785,0.00039793010736337937,True,False
0.15,26.535520442351086,1.108,26.65868858650333,1.0000425622659728,0.00047860066450358094,True,False
0.15,26.822908750390987,1.1199999999999999,26.805116883218943,1.0006029377961265,8.913188629595424e-05,True,False
0.15,27.11029705843089,1.132,27.087003748715006,1.0006620379760347,1.2525057531864929e-05,True,True
0.15,27.397685366470792,1.144,27.574658119678134,0.9817301222153703,4.3605495672428185e-05,True,False
0.15,27.685073674510697,1.156,28.0293090784553,0.9996842303855152,2.0311856307269957e-05,True,True
0.15,27.9724619825506,1.168,27.970000000000027,1.0000140226411756,5.0168431859677676e-06,True,True
0.15,28.259850290590503,1.18,26.864055555462983,1.0595485839010226,0.0902499592626065,True,False
0.16,19.638201049393402,0.82,19.637156859352444,1.0003986601419992,1.5626216203149187e-05,True,False
0.16,19.925589357433307,0.8320000000000001,20.893917635529988,0.9574728546792074,0.035087557794734936,True,False
0.16,20.212977665473208,0.844,20.529960118234158,0.9715154042105786,0.0002086518664723232,True,False
0.16,20.500365973513112,0.856,20.528907216340485,0.9976182810100247,0.0002518324494890071,True,False
0.16,20.787754281553017,0.868,21.193155481666054,0.9693409737904632,2.4335455441717e-05,True,False
0.16,21.075142589592918,0.8799999999999999,21.393031593635442,0.983782474677739,0.0001428507025117692,True,False
0.16,21.362530897632823,0.892,21.51860109671952,1.0010976406454548,2.5070803931764867e-05,True,False
0.16,21.649919205672724,0.9039999999999999,22.631093094181324,0.984594026885628,3.364753194465383e-05,True,False
0.16,21.93730751371263,0.9159999999999999,22.525135531350315,1.002507678448156,0.00023584974242432351,True,False
0.16,22.224695821752533,0.9279999999999999,22.66221657812639,1.003942543645709,0.00011304068608079957,True,False
0.16,22.512084129792434,0.94,24.353715158551495,0.9884906776660003,0.0001969681775731618,True,False
0.16,22.79947243783234,0.952,24.065154639035427,1.0008960335676584,3.4176990630286514e-05,True,False
0.16,23.086860745872244,0.964,24.718191013335854,0.9987961570167153,0.00013639210976406182,True,False
0.16,23.374249053912145,0.9759999999999999,24.441307527962636,1.0000034300404,9.333623876753244e-06,True,False
0.16,23.66163736195205,0.988,24.437467220760936,1.0027938880287348,4.424263772525849e-05,True,False
0.16,23.949025669991954,1.0,24.526029784679622,0.9858125349175739,4.501049195690974e-05,True,False
0.16,24.236413978031855,1.012,24.33638461589817,1.0015030519084376,7.328262709357089e-05,True,False
0.16,24.52380228607176,1.024,25.22247765004613,1.0001208354114914,0.0005483166677367841,True,False
0.16,24.811190594111665,1.036,26.08941866986447,0.951435325531835,0.00030369365723268126,True,False
0.16,25.098578902151566,1.0479999999999998,25.344736748808145,0.9644754185752137,0.00016800301192570775,True,False
0.16,25.38596721019147,1.06,26.02524242408549,0.9486252444076791,0.0004904468309149929,True,False
0.16,25.673355518231375,1.072,26.06432098805908,1.0015847138258256,0.00029283726165994133,True,False
0.16,25.960743826271276,1.0839999999999999,26.49201915074127,0.9846235001881393,0.00012280223188276693,True,False
0.16,26.24813213431118,1.0959999999999999,26.44292551010858,0.9815739292498121,0.0010990065317111695,True,False
0.16,26.535520442351086,1.108,26.530746338898552,0.9624737028015754,0.0008848295446082697,True,False
0.16,26.822908750390987,1.1199999999999999,26.84314589675523,0.9998845464219894,0.00041411894458427787,True,False
0.16,27.11029705843089,1.132,27.321369047537246,0.9795629068229407,0.0007905374018211557,True,False
0.16,27.397685366470792,1.144,27.410750873088773,0.9794760902042939,0.00021551618188668327,True,False
0.16,27.685073674510697,1.156,27.66769047617936,1.000188648797705,4.025596664244992e-05,True,True
0.16,27.9724619825506,1.168,28.08613636389373,0.960002866113063,3.304410186676999e-05,True,False
0.16,28.259850290590503,1.18,28.637656764612075,0.9600126838165719,2.283678994148522e-05,True,False
0.17,19.638201049393402,0.82,20.94160512804956,0.9588259800409837,0.07198125517272208,True,False
0.17,19.925589357433307,0.8320000000000001,20.152302869376854,0.9734862202499783,0.017388181529261235,True,False
0.17,20.212977665473208,0.844,20.834491465985593,0.9712448775009742,0.01889687913987325,True,False
0.17,20.500365973513112,0.856,21.828240650296266,0.9774434080701399,0.028665602424610564,True,False
0.17,20.787754281553017,0.868,20.608494246303962,0.9974479085089618,0.00032651800165206795,True,False
0.17,21.075142589592918,0.8799999999999999,21.146688839793114,0.981916971766754,0.0009609877415001822,True,False
0.17,21.362530897632823,0.892,21.611251089349707,0.9994777030613715,0.0001654744727805705,True,False
0.17,21.649919205672724,0.9039999999999999,21.536047784984476,1.006607602956408,0.0002531340469454096,True,False
0.17,21.93730751371263,0.9159999999999999,21.940835845991842,1.0023792363114143,8.009002771594323e-05,True,False
0.17,22.224695821752533,0.9279999999999999,23.566478573530958,0.9785688735259599,4.157367308874026e-05,True,False
0.17,22.512084129792434,0.94,23.813058175854167,0.9840981678376352,0.00013692679500917386,True,False
0.17,22.79947243783234,0.952,23.95288543246693,1.0007652301704526,2.628862313079484e-05,True,False
0.17,23.086860745872244,0.964,24.180171936601255,0.9861064084523615,7.007738320332721e-05,True,False
0.17,23.374249053912145,0.9759999999999999,23.90672705940915,0.9979942472198163,0.0001481397948580625,True,False
0.17,23.66163736195205,0.988,24.474607287645085,0.9857420513953734,0.000360592081820736,True,False
0.17,23.949025669991954,1.0,24.78105394081217,0.9854112513245739,0.00010256159054796908,True,False
0.17,24.236413978031855,1.012,24.762324058711783,0.9986910181025334,0.0002931990756986407,True,False
0.17,24.52380228607176,1.024,25.158074820339834,0.9994685466849031,3.319049461371956e-05,True,False
0.17,24.811190594111665,1.036,25.858923933207734,1.0032062019711092,0.00015500762847172014,True,False
0.17,25.098578902151566,1.0479999999999998,26.289874126017367,0.9799056710356294,2.956924888214429e-05,True,False
0.17,25.38596721019147,1.06,26.074251223058127,0.983311240124331,0.0004356916725485223,True,False
0.17,25.673355518231375,1.072,26.17870439305898,0.9621583852168014,0.0005269765933649767,True,False
0.17,25.960743826271276,1.0839999999999999,26.312510481625395,1.000773724228196,0.001416099657116224,True,False
0.17,26.24813213431118,1.0959999999999999,26.78130769230438,0.9814764506774579,0.00012099427094920173,True,False
0.17,26.535520442351086,1.108,26.767827323861184,0.9828338684384283,1.1070655739089033e-05,True,False
0.17,26.822908750390987,1.1199999999999999,26.810957372337725,0.999298581402467,0.0014232657525117948,True,False
0.17,27.11029705843089,1.132,27.415035559236912,1.0021992038718157,0.0009366995105619579,True,False
0.17,27.397685366470792,1.144,27.398032191134917,0.9795483475642225,0.0006815491207453187,True,False
0.17,27.685073674510697,1.156,27.94358288764988,0.9997890228532308,6.60123771685625e-05,True,False
0.17,27.9724619825506,1.168,27.93222689073491,0.9999638202465219,0.0002018438028450974,True,False
0.17,28.259850290590503,1.18,28.247957671582753,0.9800308177414654,3.226289098316049e-05,True,True
0.18,19.638201049393402,0.82,21.274120661616053,0.9027319302978825,0.0621594004676077,True,False
0.18,19.925589357433307,0.8320000000000001,21.159217532631146,0.9255751605229509,0.09557503279982843,True,False
0.18,20.212977665473208,0.844,21.1387380953131,0.9667452765611726,0.05242335783028185,True,False
0.18,20.500365973513112,0.856,22.15055168062463,0.9402933016269479,0.07837555480926044,True,False
0.18,20.787754281553017,0.868,21.323670474448818,0.9645555280410014,0.00046876140362607657,True,False
0.18,21.075142589592918,0.8799999999999999,22.151691297292928,0.9617609152895938,0.03183737868260126,True,False
0.18,21.362530897632823,0.892,21.895748709142026,0.9495231422949186,0.011595279829243122,True,False
0.18,21.649919205672724,0.9039999999999999,20.86020813005507,1.0034020334857696,0.0004534136417880083,True,False
0.18,21.93730751371263,0.9159999999999999,23.085083848238355,0.9831800067774882,0.0006057202540087204,True,False
0.18,22.224695821752533,0.9279999999999999,23.548034273944722,0.9808720050334978,0.000649548395208984,True,False
0.18,22.512084129792434,0.94,23.587136363387117,0.9709850201969655,0.0007574944476282039,True,False
0.18,22.79947243783234,0.952,23.914482744186444,1.0007525398456851,2.3519022901850954e-05,True,False
0.18,23.086860745872244,0.964,24.069914893359055,1.0010171276180586,0.000918525490130198,True,False
0.18,23.374249053912145,0.9759999999999999,24.082083259821047,0.9983950328867505,0.0002952218642667449,True,False
0.18,23.66163736195205,0.988,24.32668184727413,0.9833052915172519,0.0004752481706418246,True,False
0.18,23.949025669991954,1.0,24.80289493620421,0.970057606195501,0.00018208308499572797,True,False
0.18,24.236413978031855,1.012,24.463910965174364,1.0004314271631738,0.0005122734782781381,True,False
0.18,24.52380228607176,1.024,25.07187101274735,1.0019699898779937,0.00027137124732853375,True,False
0.18,24.811190594111665,1.036,25.914655814431853,0.9835706607860133,3.3446286241556314e-05,True,False
0.18,25.098578902151566,1.0479999999999998,26.241983883678586,0.967601785569525,0.0005569285950977951,True,False
0.18,25.38596721019147,1.06,26.10725082144154,0.9977373808166096,0.0006110633563588469,True,False
0.18,25.673355518231375,1.072,26.20047991063484,0.9860167363902738,0.0016589552725055517,True,False
0.18,25.960743826271276,1.0839999999999999,26.747978211199097,0.999704813836494,0.0003297873099988968,True,False
0.18,26.24813213431118,1.0959999999999999,26.722944474881615,1.0307361901951624,4.154342141066799e-05,True,False
0.18,26.535520442351086,1.108,26.842436936535023,0.9781588752569349,0.002554203654406991,True,False
0.18,26.822908750390987,1.1199999999999999,27.133944491445618,1.000212810989462,0.0014611496125854768,True,False
0.18,27.11029705843089,1.132,27.509904744327287,0.9843227173950483,0.0016752067958259397,True,False
0.18,27.397685366470792,1.144,27.613987179398464,0.981741878203026,0.0005445864856595768,True,False
0.18,27.685073674510697,1.156,27.686006787419046,1.0019920538054112,0.0012490183894453115,True,False
0.18,27.9724619825506,1.168,28.128762884140087,0.9996250426991565,0.0005070318399919201,True,False
0.18,28.259850290590503,1.18,28.24703703731302,0.9801107308382463,0.0001168857327669654,True,False
0.19,19.638201049393402,0.82,21.440487719476096,0.929984610692781,0.02962478653153347,True,False
0.19,19.925589357433307,0.8320000000000001,21.025356613099575,0.9435396124300377,0.05213459491121057,True,False
0.19,20.212977665473208,0.844,23.136425717398424,0.9159469726890206,0.118883344151605,True,False
0.19,20.500365973513112,0.856,22.646862199008865,0.8904023226227571,0.09443014714009812,True,False
0.19,20.787754281553017,0.868,22.942004716992415,0.944766508726338,0.08571691005738699,True,False
0.19,21.075142589592918,0.8799999999999999,22.020681346059064,0.9687651290924,0.060566497566439045,True,False
0.19,21.362530897632823,0.892,22.7267665420477,0.9536876853936618,0.033315327164879845,True,False
0.19,21.649919205672724,0.9039999999999999,21.50671428591022,1.0017381427580752,0.00028875458515161147,True,False
0.19,21.93730751371263,0.9159999999999999,21.57428881913438,1.0072367918290595,0.0018328570809391044,True,False
0.19,22.224695821752533,0.9279999999999999,23.045992171466423,0.9567935349311519,0.0007891986422090552,True,False
0.19,22.512084129792434,0.94,23.832159180343297,0.9802428092809253,0.00010165233149595094,True,False
0.19,22.79947243783234,0.952,23.92741130597824,0.987185201408913,3.364228170098793e-05,True,False
0.19,23.086860745872244,0.964,23.86469396173925,1.0017856206518587,0.0005572686844600034,True,False
0.19,23.374249053912145,0.9759999999999999,23.754571897480673,0.973811298755272,0.00010118377185346685,True,False
0.19,23.66163736195205,0.988,23.817971199899603,0.9999854830404211,0.0001800766248651043,True,False
0.19,23.949025669991954,1.0,24.75637755118305,0.9996953797563214,0.0009221835641656142,True,False
0.19,24.236413978031855,1.012,25.077193877697027,0.9964840870669351,0.0004703481855663792,True,False
0.19,24.52380228607176,1.024,25.41929723501198,0.9678654929902689,0.00018269748734656724,True,False
0.19,24.811190594111665,1.036,25.961249399185363,1.0014627883862917,0.001005274443550988,True,False
0.19,25.098578902151566,1.0479999999999998,26.120007609427375,0.9661417373828696,0.0004917042542624627,True,False
0.19,25.38596721019147,1.06,26.557185185552044,0.9959181582844508,0.0011107716053035328,True,False
0.19,25.673355518231375,1.072,26.299851306677056,1.0183029903393603,0.0019521476377644112,True,False
0.19,25.960743826271276,1.0839999999999999,26.534988505988622,0.9890362189759451,0.0027513918567963714,True,False
0.19,26.24813213431118,1.0959999999999999,26.385177489221405,1.0159879570701926,0.023861397849502877,True,False
0.19,26.535520442351086,1.108,26.358209494352195,1.0666971946517663,0.023999185946250192,True,False
0.19,26.822908750390987,1.1199999999999999,25.129529669731255,1.1736803426696858,0.08136648360967,True,False
0.19,27.11029705843089,1.132,25.214688363224013,1.1201094440077997,0.12303988167575314,True,False
0.19,27.397685366470792,1.144,27.48875701725501,0.9794846715807866,0.010527369406225338,True,False
0.19,27.685073674510697,1.156,26.405420408248574,1.1396257453225553,0.10733629766422914,True,False
0.19,27.9724619825506,1.168,26.418097979873437,1.1120607737845842,0.06904958257168585,True,False
0.19,28.259850290590503,1.18,28.520722145308355,0.9981661831695473,0.000719950667248037,True,False
0.2,19.638201049393402,0.82,24.110580952465625,0.8635728325092131,0.09993435143705585,True,False
0.2,19.925589357433307,0.8320000000000001,21.22873386653123,0.9511039211414768,0.11813190102344527,True,False
0.2,20.212977665473208,0.844,20.98639772206525,0.9843164349935752,0.03433715767861648,True,False
0.2,20.500365973513112,0.856,23.48313972439587,0.9027693357309993,0.1109138282964878,True,False
0.2,20.787754281553017,0.868,24.522833825648377,0.8678472436021495,0.15404460748228788,True,False
0.2,21.075142589592918,0.8799999999999999,22.167574101090395,0.940672255547928,0.05437681409600688,True,False
0.2,21.362530897632823,0.892,24.189973485041264,0.9086686295518231,0.11246257742058269,True,False
0.2,21.649919205672724,0.9039999999999999,24.196636960729847,0.8928071686616708,0.08647096359073571,True,False
0.2,21.93730751371263,0.9159999999999999,23.271558249593,0.978749736477962,0.016765738220655597,True,False
0.2,22.224695821752533,0.9279999999999999,23.76111916251466,0.9841315450297649,2.2141036687191944e-05,True,False
0.2,22.512084129792434,0.94,23.28160409517568,0.9680770890907654,0.0005265974334076217,True,False
0.2,22.79947243783234,0.952,23.809056703448732,0.9826035943410567,0.0015362373333293936,True,False
0.2,23.086860745872244,0.964,23.90951184689993,0.9785795199036661,0.0008452145319105559,True,False
0.2,23.374249053912145,0.9759999999999999,24.860392187088564,0.9673901093227772,0.0017951041882764342,True,False
0.2,23.66163736195205,0.988,23.85455756276815,0.9980088905991225,2.4355115593639244e-05,True,False
0.2,23.949025669991954,1.0,24.25122417181774,0.9820287083083308,0.0003501767121373018,True,False
0.2,24.236413978031855,1.012,24.929727180674718,0.9878409325120635,0.00010327629645445691,True,False
0.2,24.52380228607176,1.024,25.27466666653754,1.0028843254301523,0.0005218422978204695,True,False
0.2,24.811190594111665,1.036,25.52545338436903,0.9808209654353452,0.001034986749062193,True,False
0.2,25.098578902151566,1.0479999999999998,26.09442246668027,0.9946229942459848,0.0014678899238441344,True,False
0.2,25.38596721019147,1.06,26.287700680196394,1.037283949838871,0.0006818711397794809,True,False
0.2,25.673355518231375,1.072,26.78046896811611,1.0139597365240456,0.004054745085175568,True,False
0.2,25.960743826271276,1.0839999999999999,26.526715836897438,1.0293553213554367,0.015101131536259632,True,False
0.2,26.24813213431118,1.0959999999999999,23.579743219390366,1.1484640945967046,0.14153887035510077,True,False
0.2,26.535520442351086,1.108,25.994908250495655,1.056770565063171,0.05874644595406292,True,False
0.2,26.822908750390987,1.1199999999999999,25.0999597758057,1.1359309162500035,0.13896262737295542,True,False
0.2,27.11029705843089,1.132,26.706046002507264,1.1033732102650535,0.11373372811674867,True,False
0.2,27.397685366470792,1.144,25.69030927829408,1.135646524441163,0.13639170370434414,True,False
0.2,27.685073674510697,1.156,26.964166666864912,1.0395737489747023,0.03571882489789526,True,False
0.2,27.9724619825506,1.168,26.427474747598353,1.0910343178662159,0.09801279235775116,True,False
0.2,28.259850290590503,1.18,27.78018985942026,1.0050734953264582,0.08585254559776925,True,False
