mesor,amplitude,acrophase,p_rhythm,n,IS,IV,RA,bin_h,span_h,dataset,subject_id,condition,variable,species,gravity
36.22344139311355,0.6913870483010944,20.186060001548537,0.0,320,0.9203262344147177,0.06780226122299085,0.016613851795475004,0.09999999999999987,31.9,hdbr_BBR2,BBR2_BBR3,baseline,tb_core,human,HDT
36.595469701118056,0.7194204512043308,20.552275474972298,0.0,300,0.9753626257559205,0.039379099990249994,0.01741852470665049,0.09999999999999998,31.9,hdbr_BBR2,BBR2_BBR3,treatment,tb_core,human,HDT
36.56570902053249,0.6071844651668388,17.91176264993945,0.0,311,0.9116368535913532,0.03766479956957118,0.01581917334897074,0.09999999999999987,31.9,hdbr_BBR2,BBR2_BBR4,baseline,tb_core,human,HDT
36.62841638723837,0.609476563289721,18.622052302554394,0.0,320,0.8798616718879622,0.03328566873590681,0.017361154023083192,0.09999999999999987,31.9,hdbr_BBR2,BBR2_BBR4,treatment,tb_core,human,HDT
36.84603821908779,0.5673350456639964,17.070926599835417,0.0,288,0.9703404258331462,0.08642058675724618,0.015277216806575991,0.09999999999999998,30.9,hdbr_BBR2,BBR2_BBR7,baseline,tb_core,human,HDT
36.84816010848851,0.46606278444655563,18.64812974465191,0.0,303,0.7761514991830175,0.17504454250613255,0.013251967344534711,0.09999999999999987,31.9,hdbr_BBR2,BBR2_BBR7,treatment,tb_core,human,HDT
36.57948172027378,0.3661066507763715,17.35739404484593,0.0,277,0.9323903274487975,0.2312486850534361,0.0084135733874897,0.09999999999999999,30.2,hdbr_BBR2,BBR2_BBR8,baseline,tb_core,human,HDT
36.58346368971054,0.46942840738200764,17.90169993122983,0.0,282,0.9689245061749684,0.1377140618657308,0.011227767390574876,0.09999999999999998,31.9,hdbr_BBR2,BBR2_BBR8,treatment,tb_core,human,HDT
37.440414543248586,0.3454202103250174,19.070372056325184,0.0,320,0.8819690409783704,0.12438306969367141,0.00921412698859183,0.09999999999999987,31.9,hdbr_BBR2,BBR2_BBR9,baseline,tb_core,human,HDT
37.41336329817165,0.47439783835822924,19.064450545623533,0.0,247,0.99368006766702,0.1105331886640606,0.010835165511602598,0.09999999999999964,24.6,hdbr_BBR2,BBR2_BBR9,treatment,tb_core,human,HDT
36.907642320985836,0.5635414537700797,18.81882025307515,0.0,301,0.9382758051760681,0.23823206320303145,0.014681661398909349,0.10000000000000006,31.9,hdbr_Cocktail,Cocktail_Cocktail1,baseline,tb_core,human,HDT
37.14854058856276,0.786651398593486,19.16501534240784,0.0,270,0.9661704037832686,0.08856876631096448,0.01736286368846176,0.10000000000000009,31.9,hdbr_Cocktail,Cocktail_Cocktail1,treatment,tb_core,human,HDT
36.856866657377694,0.3097864665710123,18.826114509329827,0.0,305,0.9177605854749195,0.2517944805062587,0.007542895635333535,0.09999999999999998,31.9,hdbr_Cocktail,Cocktail_Cocktail10,baseline,tb_core,human,HDT
36.75058628461697,0.5071540082177222,19.27970171771245,0.0,311,0.8897918397352854,0.10306004660013536,0.014166149437701494,0.09999999999999998,31.9,hdbr_Cocktail,Cocktail_Cocktail10,treatment,tb_core,human,HDT
37.08004304034199,0.6785178164076571,19.180851513150916,0.0,311,0.9818151846550762,0.04201665951382837,0.01565979785953,0.09999999999999998,31.9,hdbr_Cocktail,Cocktail_Cocktail3,baseline,tb_core,human,HDT
37.10541756021221,0.6106708929598342,18.658953553872188,0.0,294,0.9746381561021682,0.04625264412239188,0.015826528043568332,0.1,31.9,hdbr_Cocktail,Cocktail_Cocktail3,treatment,tb_core,human,HDT
37.004493876056635,0.4481010501901957,16.871700915819986,0.0,320,0.9766829358286038,0.07740024695913517,0.011760302469772064,0.09999999999999987,31.9,hdbr_Cocktail,Cocktail_Cocktail4,baseline,tb_core,human,HDT
36.914362983179544,0.55507934774776,16.89094047354331,0.0,320,0.9815451944435495,0.04108475900245077,0.013467029629096018,0.09999999999999987,31.9,hdbr_Cocktail,Cocktail_Cocktail4,treatment,tb_core,human,HDT
36.60207063584316,0.5702086343829422,16.386832592713976,0.0,264,0.8240206505556205,0.15127621827989524,0.016462728415885496,0.10000000000000009,31.7,hdbr_Cocktail,Cocktail_Cocktail5,baseline,tb_core,human,HDT
36.92561000946646,0.45964340272206083,17.089971179034585,0.0,286,0.9674940556629615,0.0750026085806801,0.012245141710845278,0.10000000000000009,31.799999999999997,hdbr_Cocktail,Cocktail_Cocktail5,treatment,tb_core,human,HDT
36.84588193537318,0.5953959538011809,17.542212123471852,0.0,314,0.9632499088030585,0.05142268313577372,0.014556254938826726,0.09999999999999987,31.9,hdbr_Cocktail,Cocktail_Cocktail6,baseline,tb_core,human,HDT
36.77193024216509,0.6434287791691744,17.81677542033733,0.0,316,0.9560695418314282,0.05191351776748114,0.016361379005150535,0.09999999999999998,31.9,hdbr_Cocktail,Cocktail_Cocktail6,treatment,tb_core,human,HDT
36.744518522730324,0.3332634301956187,18.100539310045562,0.0,320,0.9063330259815521,0.19715603615162536,0.008328539765710463,0.09999999999999987,31.9,hdbr_Cocktail,Cocktail_Cocktail8,baseline,tb_core,human,HDT
36.88622109095505,0.3063920160915808,18.653965841777143,0.0,320,0.9182557765397273,0.1834696913460184,0.008042268794964263,0.09999999999999987,31.9,hdbr_Cocktail,Cocktail_Cocktail8,treatment,tb_core,human,HDT
36.89962775342526,0.3742491098277653,18.20748490072725,0.0,320,0.8423071048550528,0.3510359976092619,0.009914383189552099,0.09999999999999987,31.9,hdbr_Cocktail,Cocktail_Cocktail9,baseline,tb_core,human,HDT
36.80151239716983,0.41084704762711444,18.953327173669244,0.0,320,0.9314537188945881,0.2964889920934663,0.010178217444602128,0.09999999999999987,31.9,hdbr_Cocktail,Cocktail_Cocktail9,treatment,tb_core,human,HDT
0.39107292043477343,0.2742065652554706,9.897300006857392,0.0005409023368513344,36,0.8413879687009508,1.7447388283995224,0.785541941310472,2.0,70.0,helissen2020,2020_1010038,baseline,activity,mouse,1G
112.85208065415128,3.021104495565131,11.199016801971801,0.08918624286132504,36,0.7578720440207917,2.1514535177076275,0.06043339764009146,2.0,70.0,helissen2020,2020_1010038,baseline,bp_mean,mouse,1G
565.2104451783614,18.440129949380978,2.173322540461973,0.05156869251608032,36,0.39897747232052677,0.8013865547785349,0.0922281672259001,2.0,70.0,helissen2020,2020_1010038,baseline,hr,mouse,1G
34.08959304489542,0.766475757882361,10.023756608974622,0.00015320993953060746,36,0.7528957086538517,1.534732800684752,0.02754591599932225,2.0,70.0,helissen2020,2020_1010038,baseline,tb_sub,mouse,1G
0.23025828997414904,0.038534340877967005,11.253712782526751,0.6751907667827823,35,0.444324213548433,1.538127372135378,0.8447111455241536,2.0,68.0,helissen2020,2020_1010038,recovery,activity,mouse,1G
115.56308897797979,3.0925089713784253,14.209686516392143,0.11100009036764935,35,0.4488035834724705,0.9192635313019082,0.07631798498271827,2.0,68.0,helissen2020,2020_1010038,recovery,bp_mean,mouse,1G
469.40631114552286,86.94018088523451,4.043443132300987,0.08790825837116778,35,0.15506494247739439,0.12596354862049153,0.7718952407772458,2.0,68.0,helissen2020,2020_1010038,recovery,hr,mouse,1G
33.3202392882773,0.34712726314076836,8.14481516046647,0.3230241164671154,35,0.39470014560987077,0.9839935446843172,0.038460666498397245,2.0,68.0,helissen2020,2020_1010038,recovery,tb_sub,mouse,1G
0.06589058036903472,0.012213501550503951,20.179997824080203,0.2881415224000696,60,0.2749347131648241,1.1956783593647646,0.7420400943396226,2.0,118.0,helissen2020,2020_1010038,treatment,activity,mouse,HLU
119.91403212252163,2.534355576614631,18.350868598908377,0.048611392685190546,60,0.5351172481619257,1.2156652584501904,0.07866247636524226,2.0,118.0,helissen2020,2020_1010038,treatment,bp_mean,mouse,HLU
547.8284022880991,19.766575790991467,22.690872625578173,0.021758710101673517,60,0.2561465326909594,0.3890465842572477,0.1252080636212317,2.0,118.0,helissen2020,2020_1010038,treatment,hr,mouse,HLU
32.91743575340036,0.12933935599113314,14.436879573642715,0.25599800034515674,60,0.34314594314158564,0.8910351975541532,0.01728536115116224,2.0,118.0,helissen2020,2020_1010038,treatment,tb_sub,mouse,HLU
0.2071852191260637,0.11412052047491102,9.746625702260287,0.01657962586475381,36,0.5975308854565237,1.7050964448935997,0.7373639448288019,2.0,70.0,helissen2020,2020_1110412,baseline,activity,mouse,1G
111.74376619383122,7.0021988260693995,12.241642138811313,3.287570829990649e-05,36,0.8881563137805144,1.0879935388654325,0.08459118641609324,2.0,70.0,helissen2020,2020_1110412,baseline,bp_mean,mouse,1G
587.5434547244784,6.935959586175981,7.459778259905976,0.5824779212349067,36,0.26463780183180724,1.3656790769596765,0.07681465821000709,2.0,70.0,helissen2020,2020_1110412,baseline,hr,mouse,1G
34.67694131445025,1.0810276757492865,11.065856263196952,8.638463071530822e-07,36,0.8431462797285719,0.9611108364200228,0.035615288302176334,2.0,70.0,helissen2020,2020_1110412,baseline,tb_sub,mouse,1G
0.13740045267007797,0.06635092096786027,9.761469611262998,0.04142628784153235,35,0.42441946279361253,1.158908706475024,0.9271045069040441,2.0,68.0,helissen2020,2020_1110412,recovery,activity,mouse,1G
110.78904943735932,4.672050891169435,10.712458794867288,0.07578560242261645,35,0.3389570344664853,0.8901072702695356,0.12482680496228199,2.0,68.0,helissen2020,2020_1110412,recovery,bp_mean,mouse,1G
411.5990764342914,59.87986362851976,4.778288756509209,0.23698077648447957,35,0.1910619966580414,0.4171965313419935,0.676829268292683,2.0,68.0,helissen2020,2020_1110412,recovery,hr,mouse,1G
33.79268459034966,0.504081455571264,10.255862729260443,0.2585558893717461,35,0.24702843092714136,0.4841484599814692,0.05165229594851978,2.0,68.0,helissen2020,2020_1110412,recovery,tb_sub,mouse,1G
0.040227028567185234,0.005933674172689881,13.322797901436902,0.655047365621465,60,0.2251678005318992,0.8140237672409545,0.9356449908750359,2.0,118.0,helissen2020,2020_1110412,treatment,activity,mouse,HLU
118.74840810731469,1.6861353591114918,19.301563882357375,0.38076264251011316,60,0.24146126457088563,0.9429149209638509,0.07872653343714843,2.0,118.0,helissen2020,2020_1110412,treatment,bp_mean,mouse,HLU
523.079486379331,12.315211086755271,19.62523026208642,0.6442587407110456,60,0.04782700472457087,0.12331027239659177,0.21585903083700442,2.0,118.0,helissen2020,2020_1110412,treatment,hr,mouse,HLU
32.17298426359031,0.15485159878934038,7.161643810051554,0.5306696313938952,60,0.2141526227667554,0.6083183270974901,0.04071724283744355,2.0,118.0,helissen2020,2020_1110412,treatment,tb_sub,mouse,HLU
0.20198032709207792,0.0444692171809707,10.978896244196605,0.417660762403812,36,0.8239361225460419,1.8231985537907214,0.6490763424485201,2.0,70.0,helissen2020,2020_1110418,baseline,activity,mouse,1G
119.96830980399278,3.0787936029825103,15.967151502746406,0.14979646079652398,36,0.7293353348689209,1.4686507614988815,0.062168551530253593,2.0,70.0,helissen2020,2020_1110418,baseline,bp_mean,mouse,1G
498.98407939261176,92.93186159457034,1.3711722828407023,0.14602080860960298,36,0.16462910970663783,0.2248282002085509,0.9843358395989975,2.0,70.0,helissen2020,2020_1110418,baseline,hr,mouse,1G
33.97159504889484,0.3967804804394561,9.772239445723846,0.13616462607351942,36,0.8433359369022431,1.6429710771781505,0.02296105314064131,2.0,70.0,helissen2020,2020_1110418,baseline,tb_sub,mouse,1G
0.14594669896578163,0.03801764614850381,10.683405449804372,0.3341118725941905,35,0.4600881243471886,1.2634821632265907,0.6630427442771285,2.0,68.0,helissen2020,2020_1110418,recovery,activity,mouse,1G
115.3220843401728,1.4985444641479813,14.27010333966653,0.532640017564378,35,0.7112554702964039,1.3175126544204072,0.06208232793031996,2.0,68.0,helissen2020,2020_1110418,recovery,bp_mean,mouse,1G
584.2756595225075,28.58396953285791,3.6696525966322153,0.021297145116854543,35,0.26231883753530805,0.20474232470366807,0.12729771516921495,2.0,68.0,helissen2020,2020_1110418,recovery,hr,mouse,1G
33.02969309908826,0.4416684440441759,8.62284284050335,0.066614749423752,35,0.505800304713121,1.0004646558794297,0.027350342124784488,2.0,68.0,helissen2020,2020_1110418,recovery,tb_sub,mouse,1G
0.03980629780304564,0.011092129429498868,15.998048984742557,0.12481290922371946,60,0.2344093770829358,0.917503005993745,0.9083333333333333,2.0,118.0,helissen2020,2020_1110418,treatment,activity,mouse,HLU
122.49692634766815,1.9021189018661862,18.53829961448707,0.20924292908428688,60,0.2890828269612382,0.8335610828225252,0.10331266850990019,2.0,118.0,helissen2020,2020_1110418,treatment,bp_mean,mouse,HLU
581.2737403632274,16.187738806443928,21.069336583524095,0.37984297617428897,60,0.08227521812534726,0.2109980545834658,0.20947515095215977,2.0,118.0,helissen2020,2020_1110418,treatment,hr,mouse,HLU
32.36275562847011,0.11213711440433512,14.26620922396391,0.6404525144379662,60,0.20135016772211248,0.8105333884900323,0.03794078076598704,2.0,118.0,helissen2020,2020_1110418,treatment,tb_sub,mouse,HLU
0.11318863129316932,0.07438214533307283,7.630928036086885,0.00556191991929067,36,0.8620373012624091,1.3368504667963554,0.8515363301765849,2.0,70.0,helissen2020,2020_1111871,baseline,activity,mouse,1G
119.9922393448701,2.1201748251864854,10.560990792574579,0.5205563806669236,36,0.836170334740995,1.3293870869329414,0.07713314696520032,2.0,70.0,helissen2020,2020_1111871,baseline,bp_mean,mouse,1G
590.2080935959424,18.314091359531606,4.4956864753758925,0.13293698387448283,36,0.4528759662911198,0.9885101464024381,0.10323904702418135,2.0,70.0,helissen2020,2020_1111871,baseline,hr,mouse,1G
32.30861611787627,0.859865279662701,7.69303228829821,0.0017059388757896254,36,0.8373886108209425,1.1008349298703546,0.03905075618965579,2.0,70.0,helissen2020,2020_1111871,baseline,tb_sub,mouse,1G
0.08690688686218774,0.026012122620310604,8.217603154537965,0.47249311985676357,35,0.4219338650554514,1.6628386234269361,0.9689583227316676,2.0,68.0,helissen2020,2020_1111871,recovery,activity,mouse,1G
112.94823884120888,1.8122776637663838,12.61913271209164,0.3082967739516208,35,0.4559980198000663,1.5586270706407652,0.05495650455613088,2.0,68.0,helissen2020,2020_1111871,recovery,bp_mean,mouse,1G
611.3109284906355,13.508318512119414,6.56230489209018,0.30956586847200396,35,0.16587886247019715,0.6980198746997862,0.08133026012512344,2.0,68.0,helissen2020,2020_1111871,recovery,hr,mouse,1G
33.08111978499825,0.4973276580985417,10.70110184383149,0.019128283819537573,35,0.6015209386838771,1.2465485795555393,0.03265946538567819,2.0,68.0,helissen2020,2020_1111871,recovery,tb_sub,mouse,1G
0.037217790838821575,0.001805570189125405,0.1713422939317604,0.9369556790678605,60,0.3671866346878854,1.5575118921506612,0.7323882540141763,2.0,118.0,helissen2020,2020_1111871,treatment,activity,mouse,HLU
117.28384829360134,0.9570363661962202,11.569020718657738,0.5073230536081552,60,0.4919555131257236,1.5718901522555362,0.048283779728901105,2.0,118.0,helissen2020,2020_1111871,treatment,bp_mean,mouse,HLU
590.0770851179151,4.379398735388866,18.481629681037553,0.8520341266573732,60,0.1938258950595311,0.40870807950833193,0.11134343962362778,2.0,118.0,helissen2020,2020_1111871,treatment,hr,mouse,HLU
32.39916603152139,0.2248283456429318,10.10358373949173,0.07158167778767344,60,0.42457805526851305,0.7900395438883107,0.026551399047378462,2.0,118.0,helissen2020,2020_1111871,treatment,tb_sub,mouse,HLU
0.4472966264340569,0.4154191186916672,9.842454803887344,3.305315788337815e-05,36,0.9430997662191084,1.1310257782199804,0.8994094797584032,2.0,70.0,helissen2020,2020_612582,baseline,activity,mouse,1G
117.32289659290656,7.834219863384402,11.018856058119871,0.0004894778496631336,36,0.9104877706615394,1.378547361656961,0.09424852153222242,2.0,70.0,helissen2020,2020_612582,baseline,bp_mean,mouse,1G
605.2895036221103,21.63130697178002,10.449574098991512,0.027934539197786434,36,0.5519023961872876,1.1895931723239477,0.09059623160973927,2.0,70.0,helissen2020,2020_612582,baseline,hr,mouse,1G
34.31005546157185,1.1737002790431212,9.707813401225776,1.7959724175509173e-05,36,0.9308966146563562,1.1904394958882798,0.0387270685355928,2.0,70.0,helissen2020,2020_612582,baseline,tb_sub,mouse,1G
0.20921741216904044,0.20020774481891512,8.949212531350584,0.0064088439497638205,35,0.560087203111532,0.8819604485251125,0.880707081661425,2.0,68.0,helissen2020,2020_612582,recovery,activity,mouse,1G
114.77349632521491,5.98422452688423,10.789517649458684,0.007724479500506032,35,0.5718172442553093,0.7400483701130209,0.09437855020875108,2.0,68.0,helissen2020,2020_612582,recovery,bp_mean,mouse,1G
581.3790178744941,29.616953282860894,7.303419770621917,0.06477646447981855,35,0.29891453899930553,0.39679794639924976,0.12352991673104985,2.0,68.0,helissen2020,2020_612582,recovery,hr,mouse,1G
33.54219145549892,0.8310907256499517,8.999115414095746,0.00255142421893384,35,0.6494576963037287,0.8736170941094539,0.034168707155313484,2.0,68.0,helissen2020,2020_612582,recovery,tb_sub,mouse,1G
0.04928044465539885,0.016475707982220318,14.631635405214254,0.05673675564069791,60,0.41731552587709203,1.3793509510655808,0.8908694070571116,2.0,118.0,helissen2020,2020_612582,treatment,activity,mouse,HLU
124.52084862816493,3.427157212964806,14.353984098836055,0.007283841210980357,60,0.6400291778774558,1.4541222738641382,0.07595099507544487,2.0,118.0,helissen2020,2020_612582,treatment,bp_mean,mouse,HLU
580.4905627905421,7.242530532477655,17.906712004903305,0.46340634106064016,60,0.20558091504872075,0.5334385417042952,0.08502449265220438,2.0,118.0,helissen2020,2020_612582,treatment,hr,mouse,HLU
33.27279139869291,0.2564123239961671,10.734269971363728,0.006028622348369761,60,0.5538771249509185,1.46181969216213,0.01807247030521734,2.0,118.0,helissen2020,2020_612582,treatment,tb_sub,mouse,HLU
0.21865833333333332,0.1493094278742319,12.98745482551774,2.198411961806812e-06,36,0.9021475702584116,1.2030531261133748,0.7332306716789709,2.0,70.0,helissen2021,2021_1136417,baseline,activity,mouse,1G
114.38594444444445,8.052245224086308,14.888164541409752,0.00020192361994297858,36,0.5852319381198741,0.7614535956250927,0.12021199496689798,2.0,70.0,helissen2021,2021_1136417,baseline,bp_mean,mouse,1G
582.6944444444445,21.328026427692162,10.488454989689442,0.003063556742037621,36,0.7518456694146348,1.0765314592980513,0.05051206387779903,2.0,70.0,helissen2021,2021_1136417,baseline,hr,mouse,1G
33.86563888888888,0.8965038276033038,13.158540756311478,2.7695993609633263e-08,36,0.9492299779357174,0.8948654669456646,0.02639827509003606,2.0,70.0,helissen2021,2021_1136417,baseline,tb_sub,mouse,1G
0.15006621827622563,0.06313163177275576,11.805823622497474,0.06585974320050081,37,0.4000707053310511,0.8909264570540388,0.9435796342872682,2.0,72.0,helissen2021,2021_1136417,recovery,activity,mouse,1G
111.82836822175621,3.9427857846967793,15.838882397937187,0.040195966838548536,37,0.39173506252385426,0.8978098454077346,0.08893956670467508,2.0,72.0,helissen2021,2021_1136417,recovery,bp_mean,mouse,1G
568.4803701630718,8.419116705125035,9.571194349027481,0.8303841597835049,37,0.08487664143634079,0.2282375889076577,0.14783220473133413,2.0,72.0,helissen2021,2021_1136417,recovery,hr,mouse,1G
33.883537168471705,0.5982800732682683,12.839892241642723,0.00018526658473028146,37,0.6842021636787742,1.0301452465210634,0.026330528901217305,2.0,72.0,helissen2021,2021_1136417,recovery,tb_sub,mouse,1G
0.028145000000000003,0.008058481449436479,14.297092384373045,0.03776376984025931,60,0.32314225027040866,1.5767227054849515,0.7463645586743322,2.0,118.0,helissen2021,2021_1136417,treatment,activity,mouse,HLU
119.48950000000005,2.902016067580302,16.668801727832424,0.01115428486433645,60,0.30421405531407897,0.7014962145119806,0.0780607915883342,2.0,118.0,helissen2021,2021_1136417,treatment,bp_mean,mouse,HLU
560.0166666666668,7.233541685658967,16.481830565671267,0.39660281390277996,60,0.16346004226079283,0.6027685119139722,0.07402398340997207,2.0,118.0,helissen2021,2021_1136417,treatment,hr,mouse,HLU
33.02156666666667,0.3293520037579803,13.115055756546665,0.0003161312690144191,60,0.5195651390768407,0.9697205016535255,0.022820840163470038,2.0,118.0,helissen2021,2021_1136417,treatment,tb_sub,mouse,HLU
0.24764999999999998,0.13449403393438605,12.807424703233988,3.281926307241445e-05,36,0.7752549982563911,1.1591914358840618,0.6357461001850755,2.0,70.0,helissen2021,2021_1167187,baseline,activity,mouse,1G
114.09833333333333,4.708844661824135,13.7281487873739,9.780087019484185e-05,36,0.6982369196821521,1.0944790417800487,0.059566296410160445,2.0,70.0,helissen2021,2021_1167187,baseline,bp_mean,mouse,1G
561.9722222222222,20.659446614649635,6.254912650946604,0.020381332776247207,36,0.5377302499340757,0.7881508777921672,0.08358689815643455,2.0,70.0,helissen2021,2021_1167187,baseline,hr,mouse,1G
33.72966666666666,0.7494085526434041,12.479748712261467,1.0467123601198836e-07,36,0.9057951203428617,0.9676339724435656,0.02399179321754498,2.0,70.0,helissen2021,2021_1167187,baseline,tb_sub,mouse,1G
0.14895839853102563,0.09797883014801348,12.307871199046227,0.01585454581561241,37,0.4544895324788501,0.948525991246659,0.9127134724857687,2.0,72.0,helissen2021,2021_1167187,recovery,activity,mouse,1G
114.98746720712305,3.8711330938089654,15.111444877971786,0.04629626435631151,37,0.6446489733040541,1.5505336539200836,0.08152523017629011,2.0,72.0,helissen2021,2021_1167187,recovery,bp_mean,mouse,1G
532.7214578504362,12.742488402016088,12.333535922194795,0.6164533721901682,37,0.15890966080346144,0.3478934339661214,0.14941663530297325,2.0,72.0,helissen2021,2021_1167187,recovery,hr,mouse,1G
33.02021442199989,0.6370706542154898,11.687046079634912,7.805164208940507e-05,37,0.6991012632860708,0.9574727924057073,0.029064875815921473,2.0,72.0,helissen2021,2021_1167187,recovery,tb_sub,mouse,1G
0.02998166666666667,0.005981862734609784,13.002561080679278,0.325611220598937,60,0.29240305014488205,1.099842384411442,0.7098372257607926,2.0,118.0,helissen2021,2021_1167187,treatment,activity,mouse,HLU
119.01616666666669,3.8858159846216322,15.991431100776824,0.0018818975570543683,60,0.5415847496535087,0.9747195414898362,0.08677705514976491,2.0,118.0,helissen2021,2021_1167187,treatment,bp_mean,mouse,HLU
558.0166666666667,15.90184224539965,22.207263929733177,0.002193519803337707,60,0.2715028886267991,0.94498594772,0.0566378066378066,2.0,118.0,helissen2021,2021_1167187,treatment,hr,mouse,HLU
32.873183333333344,0.14620061800132447,12.7290374426501,0.08753813789349807,60,0.40628824995638124,0.9597458175294983,0.015392147862541696,2.0,118.0,helissen2021,2021_1167187,treatment,tb_sub,mouse,HLU
0.25742499999999996,0.17659322566471206,12.194015228794072,4.538994947700381e-05,36,0.8315702759574453,0.9881479622687261,0.7299736471607522,2.0,70.0,helissen2021,2021_1168656,baseline,activity,mouse,1G
111.9671111111111,5.931790783048446,13.13063701190578,6.342551702065435e-06,36,0.8338363067226766,0.8790376836136979,0.08016916135566321,2.0,70.0,helissen2021,2021_1168656,baseline,bp_mean,mouse,1G
570.1666666666665,35.6866207427982,8.667841672074108,2.448586651215834e-07,36,0.7523063579257221,0.6839390378066227,0.09613140651647072,2.0,70.0,helissen2021,2021_1168656,baseline,hr,mouse,1G
33.989888888888885,0.7555050324882422,12.36127306604445,4.53074524986441e-06,36,0.8442012071398853,1.0005703786247173,0.025521083724373516,2.0,70.0,helissen2021,2021_1168656,baseline,tb_sub,mouse,1G
0.1531213430786328,0.0677186559547945,10.911921315033917,0.08597146771826036,37,0.39972473388301477,1.105051634852268,0.8298665734428716,2.0,72.0,helissen2021,2021_1168656,recovery,activity,mouse,1G
112.35097410047277,2.7661259286174964,12.43701573522356,0.11852627586264197,37,0.4006888732198895,0.9336659656261435,0.09521094640820979,2.0,72.0,helissen2021,2021_1168656,recovery,bp_mean,mouse,1G
543.0879116938621,34.552481879051555,10.074079280257976,0.08267641466400533,37,0.30541038087284894,1.168907430802508,0.22661330665332666,2.0,72.0,helissen2021,2021_1168656,recovery,hr,mouse,1G
33.37284826619694,0.5259345226384528,10.363268908937057,0.008521153054687258,37,0.5999759615428205,1.1269918156716483,0.02514460395001045,2.0,72.0,helissen2021,2021_1168656,recovery,tb_sub,mouse,1G
0.037105000000000006,0.00467113178850501,16.048510664548893,0.6110519550168628,60,0.33636654446261494,1.6725899817878953,0.8808689558514365,2.0,118.0,helissen2021,2021_1168656,treatment,activity,mouse,HLU
122.83066666666669,1.6821419908305808,17.084808104891053,0.5102069348399403,60,0.15739561545871306,0.29200630036983444,0.10174223127865518,2.0,118.0,helissen2021,2021_1168656,treatment,bp_mean,mouse,HLU
590.4333333333335,0.2622583912326366,4.4072082638633665,0.9995424730802447,60,0.041695092348230156,0.2026970008217812,0.14648315309679147,2.0,118.0,helissen2021,2021_1168656,treatment,hr,mouse,HLU
33.13976666666668,0.15835664030136865,10.00650061282267,0.4236609575341729,60,0.15070134280279066,0.4526314043705874,0.03793767252651463,2.0,118.0,helissen2021,2021_1168656,treatment,tb_sub,mouse,HLU
0.2059055555555555,0.16613045297762313,12.366991987791828,9.165125130938812e-06,36,0.9348808272430694,0.9971483087424852,0.8473887099329356,2.0,70.0,helissen2021,2021_1168657,baseline,activity,mouse,1G
123.93333333333334,6.9123019554505465,13.223621766276207,0.0007607647825226271,36,0.8569653270248894,1.1422651752026614,0.08566510249853095,2.0,70.0,helissen2021,2021_1168657,baseline,bp_mean,mouse,1G
568.5555555555554,22.269834987237807,7.867185960835034,0.15305113357855038,36,0.39006378428438737,1.1803381817444873,0.11201814058956916,2.0,70.0,helissen2021,2021_1168657,baseline,hr,mouse,1G
33.706,0.5197120080215335,12.291022611539564,0.0008492515358542452,36,0.9051309654322083,1.3635222681170278,0.019316913882048817,2.0,70.0,helissen2021,2021_1168657,baseline,tb_sub,mouse,1G
0.15617270715858397,0.10939148916868191,11.634169440992332,0.02978075640572786,37,0.4464029821793729,0.7575454159281944,0.9594575702502447,2.0,72.0,helissen2021,2021_1168657,recovery,activity,mouse,1G
126.526689547219,4.646276582818167,13.767770572609686,0.05518124539884095,37,0.620113505631448,1.1834977001565856,0.0944301979690224,2.0,72.0,helissen2021,2021_1168657,recovery,bp_mean,mouse,1G
463.9232834398258,29.04057011985493,22.897151282103437,0.7728293075252248,37,0.025042412759012665,0.12155785986007073,0.5863746958637469,2.0,72.0,helissen2021,2021_1168657,recovery,hr,mouse,1G
33.34798545857861,0.4351493702376734,10.355965454262407,0.05689707989963233,37,0.3008061422541997,0.4786191556983145,0.035355177420152255,2.0,72.0,helissen2021,2021_1168657,recovery,tb_sub,mouse,1G
0.028120000000000006,0.004016189122308404,16.0529911890147,0.5571743557616781,60,0.3892679779914512,1.6740465085685612,0.7598064627613615,2.0,118.0,helissen2021,2021_1168657,treatment,activity,mouse,HLU
129.03050000000002,1.5876057451315275,15.406164739173942,0.3322899000484254,60,0.29810086293656923,1.0538251276605775,0.07436362499218223,2.0,118.0,helissen2021,2021_1168657,treatment,bp_mean,mouse,HLU
501.0833333333334,33.996980571591045,21.069840692752667,0.12848564220832093,60,0.09225814303819219,0.23236346186030443,0.3839762611275964,2.0,118.0,helissen2021,2021_1168657,treatment,hr,mouse,HLU
31.842833333333342,0.2757912001738607,12.971248413320993,0.009230260510987742,60,0.44524166180821945,1.1028923127120724,0.02396360900500462,2.0,118.0,helissen2021,2021_1168657,treatment,tb_sub,mouse,HLU
0.2697388888888889,0.3029427614254216,12.13755942571856,2.151568902197809e-05,36,0.7395238408271896,0.6802799712396084,0.9090206849197492,2.0,70.0,helissen2021,2021_1168659,baseline,activity,mouse,1G
83.37753888888886,4.112631991041708,12.91030133199217,0.8395796098733577,36,0.09991879225957118,0.4379336366353803,0.7734759850941392,2.0,70.0,helissen2021,2021_1168659,baseline,bp_mean,mouse,1G
531.0833333333333,39.54395443408129,6.433201060388196,0.044097250383070774,36,0.252625299729905,0.7226407621590307,0.1829909221213569,2.0,70.0,helissen2021,2021_1168659,baseline,hr,mouse,1G
33.66583333333333,1.2188271882645232,12.606394252733997,7.280727899017236e-06,36,0.705985839755789,0.6199465020604378,0.049380682517988925,2.0,70.0,helissen2021,2021_1168659,baseline,tb_sub,mouse,1G
0.1957444176547795,0.0499548710384626,12.081668985194336,0.25683270876107034,37,0.4482336223497809,1.3947176494862075,0.7623814541622762,2.0,72.0,helissen2021,2021_1168659,recovery,activity,mouse,1G
115.97757392808971,4.151502545320099,16.69566996793349,0.010029337904000513,37,0.39190326289082317,1.0458506709062574,0.07831814688769352,2.0,72.0,helissen2021,2021_1168659,recovery,bp_mean,mouse,1G
576.6479499581592,6.342099653838397,9.443770741742938,0.8677210343297233,37,0.06061398625225242,0.2840383906896849,0.11772545535317637,2.0,72.0,helissen2021,2021_1168659,recovery,hr,mouse,1G
34.04144542443162,0.5107919768332575,11.866642629018298,0.08405875010177821,37,0.28744903329205523,0.6158546606585819,0.041297891604462705,2.0,72.0,helissen2021,2021_1168659,recovery,tb_sub,mouse,1G
0.13580833333333334,0.03318920049383702,16.665196191225874,0.09028066269299662,60,0.22078414121480347,0.855378112671994,0.8230088495575222,2.0,118.0,helissen2021,2021_1168659,treatment,activity,mouse,HLU
114.37898333333337,6.020148807266945,16.21027667722457,7.577969773908677e-08,60,0.5887862534880497,0.6123033891093224,0.10095078742382953,2.0,118.0,helissen2021,2021_1168659,treatment,bp_mean,mouse,HLU
537.45,14.761968534560689,17.50132390711675,0.3420096458945687,60,0.09420590652963325,0.28721962746191865,0.16447304280003902,2.0,118.0,helissen2021,2021_1168659,treatment,hr,mouse,HLU
33.44253333333334,0.35453345013107695,15.430682972361899,0.00041763837406305626,60,0.4701834118926726,0.8868008876231677,0.024469576035553962,2.0,118.0,helissen2021,2021_1168659,treatment,tb_sub,mouse,HLU
0.18616525154096764,0.04262814008683667,19.71302304338913,0.1993035745022249,36,0.7646408208666147,1.6562104274500773,0.665024304751827,2.0,70.0,helissen2022,2022_1077138,baseline,activity,mouse,1G
569.7928493698586,34.442324782933376,15.612366357580337,3.037107869419131e-06,36,0.795181433106805,1.0948336407043429,0.06960227272727271,2.0,70.0,helissen2022,2022_1077138,baseline,hr,mouse,1G
36.48592395587584,0.4209838312502843,19.305497743266564,0.006659100848725341,36,0.8436034661423835,1.3471944767831805,0.020439650520755057,2.0,70.0,helissen2022,2022_1077138,baseline,tb_core,mouse,1G
0.10982216442043873,0.014796809807230225,21.496458611512725,0.7653735041950999,39,0.32959508741872034,1.488718867638797,0.8448040001886882,2.0,76.0,helissen2022,2022_1077138,recovery,activity,mouse,1G
249.339118678505,77.38291165116208,2.8842532658455915,0.36038543205457374,39,0.10852269443149284,0.34957415727733093,1.0,2.0,76.0,helissen2022,2022_1077138,recovery,hr,mouse,1G
36.30480812372926,0.09412046994065658,17.556253173541574,0.8466527670966648,39,0.23460959347172236,1.0843699981966421,0.028913326592854335,2.0,76.0,helissen2022,2022_1077138,recovery,tb_core,mouse,1G
0.0919448941807486,0.04029128094277066,1.938014171887253,0.020052875400822012,60,0.2815543301201176,1.1689853217691504,0.8789548376325235,2.0,118.0,helissen2022,2022_1077138,treatment,activity,mouse,HLU
500.75908428593976,35.04861202276886,6.882121122281357,0.28507769377327075,60,0.07211355900821485,0.18059370550219525,0.7714364870480676,2.0,118.0,helissen2022,2022_1077138,treatment,hr,mouse,HLU
36.06528262723084,0.26708578120853377,23.60246911392618,0.09302064187688097,60,0.3257119955035821,0.9594885891455005,0.028482612943184916,2.0,118.0,helissen2022,2022_1077138,treatment,tb_core,mouse,HLU
0.17045513591448602,0.0634853762844983,22.834058612032962,0.024730095388491913,36,0.5532210614937852,1.8824520442646582,0.7673183523085604,2.0,70.0,helissen2022,2022_1077140,baseline,activity,mouse,1G
113.47492658770156,10.183459596319347,4.220863909234833,0.921203780295726,36,0.17044737817983163,0.9116175285659028,1.0,2.0,70.0,helissen2022,2022_1077140,baseline,hr,mouse,1G
36.37577569025624,0.509070896485286,20.582768147929933,0.000157386736588494,36,0.8687436694390169,1.4588335620148365,0.018463640053920916,2.0,70.0,helissen2022,2022_1077140,baseline,tb_core,mouse,1G
0.13473872860843764,0.051738800888903196,20.159197638581094,0.15516723314390568,39,0.4380648811622492,1.6303464911255028,0.8463830844006102,2.0,76.0,helissen2022,2022_1077140,recovery,activity,mouse,1G
2.6430535953870025,3.735027711912921,2.565685811889129,0.03584165589086963,25,0.5851671226358987,0.9261875024780936,1.0,2.0,48.0,helissen2022,2022_1077140,recovery,hr,mouse,1G
36.39805394965678,0.5487278662470871,18.624925056403722,0.00030220140700809583,39,0.6968333417523945,1.3817292928307137,0.02470611537646462,2.0,76.0,helissen2022,2022_1077140,recovery,tb_core,mouse,1G
0.06146646430568628,0.019512594511244395,23.595046454931907,0.3054810008831905,60,0.13526374441395478,0.5524599230357448,0.9430226041472075,2.0,118.0,helissen2022,2022_1077140,treatment,activity,mouse,HLU
9.407021792376371,2.339389311521945,18.81095826492135,0.2240280630693372,60,0.16578200222194786,0.711776533133595,0.8214285714285714,2.0,118.0,helissen2022,2022_1077140,treatment,hr,mouse,HLU
35.75222709373208,0.24952806700631608,21.774205353020623,0.012474914385180114,60,0.4432118028687279,0.9976662467411124,0.018807602756932575,2.0,118.0,helissen2022,2022_1077140,treatment,tb_core,mouse,HLU
0.12553041060010822,0.07612201452117835,18.203745055861035,0.0022715318878263613,36,0.616644414104045,1.148821681526652,0.809967730369308,2.0,70.0,helissen2022,2022_1167187,baseline,activity,mouse,1G
225.59473554989972,68.3832738720466,7.615659717079406,0.00032279991688466403,36,0.687169425356321,1.1552999947364044,0.5135394200814761,2.0,70.0,helissen2022,2022_1167187,baseline,hr,mouse,1G
36.17436651330556,0.7050268597817202,19.315332723319816,4.4173357083288067e-07,36,0.8399475770970406,0.8005905933389778,0.027610778343574963,2.0,70.0,helissen2022,2022_1167187,baseline,tb_core,mouse,1G
0.07111973476521513,0.019818243557038102,19.861016378937975,0.32338192747936567,39,0.4879475109003216,2.0963309112620774,0.8292809105018109,2.0,76.0,helissen2022,2022_1167187,recovery,activity,mouse,1G
196.75390810573555,52.769017492549104,9.02990488982829,0.34974126122860993,39,0.1573277831043326,0.45786983854907465,0.9831365935919055,2.0,76.0,helissen2022,2022_1167187,recovery,hr,mouse,1G
36.15260496260736,0.40828526838362544,18.41910823363678,0.01819361372429018,39,0.657276965637219,1.970193954057015,0.02366480231920918,2.0,76.0,helissen2022,2022_1167187,recovery,tb_core,mouse,1G
0.094941714423716,0.02223669114126665,21.827166875902446,0.14571125237862848,60,0.2725161661204723,1.1539613046647414,0.83184879426461,2.0,118.0,helissen2022,2022_1167187,treatment,activity,mouse,HLU
36.903240972643225,20.059692638888578,1.0459718797113466,0.08553945156519105,60,0.14222671794245526,0.41528046203353963,0.987146529562982,2.0,118.0,helissen2022,2022_1167187,treatment,hr,mouse,HLU
35.92476039064418,0.2533715873902866,21.181415656707358,0.0027480614341764964,60,0.6223031216505766,1.5836553537067153,0.01451220535190006,2.0,118.0,helissen2022,2022_1167187,treatment,tb_core,mouse,HLU
0.14810956436867,0.08033391197012049,18.67039075090275,3.5632694244558394e-05,36,0.7556837244480423,1.6234529275886647,0.6526686913114813,2.0,70.0,helissen2022,2022_1168656,baseline,activity,mouse,1G
218.75052101757882,26.122800540799403,23.875225033126142,0.2304444852956571,36,0.41285016062894836,1.8748406378764977,0.35123042505592844,2.0,70.0,helissen2022,2022_1168656,baseline,hr,mouse,1G
36.31591641936321,0.7991293940654866,18.783889828407734,3.320074737356293e-08,36,0.9119639785199892,0.8982125348696343,0.025044623860917273,2.0,70.0,helissen2022,2022_1168656,baseline,tb_core,mouse,1G
0.13327726706845872,0.07125222712111123,19.353045076206527,0.0009580507961699514,39,0.4490076861465314,1.5861188627306237,0.6796091866514402,2.0,76.0,helissen2022,2022_1168656,recovery,activity,mouse,1G
0.25813008130081305,0.20661455649562432,5.848814396111501,0.20928916798301567,38,0.3595505617977528,1.5347707257819614,1.0,2.0,76.0,helissen2022,2022_1168656,recovery,hr,mouse,1G
36.438389930673964,0.6172439203431112,18.431406331524272,9.86970969418799e-06,39,0.7331124903376316,1.2186769493752698,0.02169329973012148,2.0,76.0,helissen2022,2022_1168656,recovery,tb_core,mouse,1G
0.05367093073329961,0.013139790219287212,1.3235377211765427,0.2552538311071493,60,0.17308646847444092,1.1901053121333878,0.8394097222222222,2.0,118.0,helissen2022,2022_1168656,treatment,activity,mouse,HLU
15.806742067727273,21.02939354399849,2.6174821462562554,0.05274674165444526,60,0.18565597916535337,0.8398715155403733,0.9923254029163469,2.0,118.0,helissen2022,2022_1168656,treatment,hr,mouse,HLU
35.69674856409883,0.32371869069750553,21.346068352342776,0.00010072197799071425,60,0.3875374183512936,0.6207699979761666,0.02059040827471009,2.0,118.0,helissen2022,2022_1168656,treatment,tb_core,mouse,HLU
0.1140944175134614,0.06450508250711205,19.796400751267566,0.002162069194679539,36,0.7333856077559403,1.7491951539528174,0.9030574198359435,2.0,70.0,helissen2022,2022_1168657,baseline,activity,mouse,1G
578.8688582952979,27.763852027763402,15.917495264567073,0.0003825655921581017,36,0.7145276547526939,1.3712666975909518,0.07627711686494056,2.0,70.0,helissen2022,2022_1168657,baseline,hr,mouse,1G
36.10128365176865,0.8404456172896555,19.39439649997662,2.2014939093928376e-08,36,0.9391831931856356,0.9121305002441447,0.026553849368014228,2.0,70.0,helissen2022,2022_1168657,baseline,tb_core,mouse,1G
0.09897862468436962,0.050078330781305004,18.538932851116638,0.005606821852672361,39,0.5598753866665177,1.1866710896712536,0.8952507767421213,2.0,76.0,helissen2022,2022_1168657,recovery,activity,mouse,1G
576.6757897255912,33.833641133260365,13.84164070021434,0.12465128607277587,39,0.20502041831517093,0.5396663331604156,0.3281362190993948,2.0,76.0,helissen2022,2022_1168657,recovery,hr,mouse,1G
36.74175240758053,0.7051978467491099,19.46224585817666,3.1848799973421826e-05,39,0.6704461662824699,0.9504205140132322,0.030654560385921643,2.0,76.0,helissen2022,2022_1168657,recovery,tb_core,mouse,1G
0.06529181850449679,0.010994832782616799,22.647500208819228,0.3842372580662675,60,0.19197284215076602,1.3045762641862246,0.885265280578541,2.0,118.0,helissen2022,2022_1168657,treatment,activity,mouse,HLU
541.4475089310927,4.593635867955152,18.899461835171802,0.9109386542550701,60,0.060600223446469106,0.24408206719147418,0.16819986443303964,2.0,118.0,helissen2022,2022_1168657,treatment,hr,mouse,HLU
36.1839501694138,0.3335789867330953,20.256370367647264,0.002249270634376077,60,0.3795298112542431,0.7270566330270196,0.030529697119517734,2.0,118.0,helissen2022,2022_1168657,treatment,tb_core,mouse,HLU
0.1750077713413321,0.03754953121582153,20.752943881287393,0.34128908236361055,36,0.5822498316859858,1.660558470509234,0.760833868779896,2.0,70.0,helissen2022,2022_826367,baseline,activity,mouse,1G
549.7578832970028,59.56170993816992,17.74919347949627,2.4269470411120153e-07,36,0.7752717171367547,0.9957077947882911,0.15637268984008423,2.0,70.0,helissen2022,2022_826367,baseline,hr,mouse,1G
36.38754630140569,0.36425483339106646,19.791938382653743,0.04034945009557389,36,0.7817409957173714,1.5373611531077973,0.01977155511443674,2.0,70.0,helissen2022,2022_826367,baseline,tb_core,mouse,1G
0.12953569956285166,0.05202667063658309,20.100412192973003,0.15106707654477614,27,0.4910793965866711,1.8366003145453473,0.7650696759166299,2.0,52.0,helissen2022,2022_826367,recovery,activity,mouse,1G
609.5898431097786,21.669078114613182,12.038796113066455,0.1769881780509418,13,0.9971183951677703,1.8950904195875236,0.03915761763738074,2.0,24.0,helissen2022,2022_826367,recovery,hr,mouse,1G
36.0918943281449,0.49461822575744485,19.158942570446637,0.04030816932065917,27,0.4718963093167834,1.0510007008915216,0.028529693958736245,2.0,52.0,helissen2022,2022_826367,recovery,tb_core,mouse,1G
0.0856549076777947,0.023152842976320566,21.041447725812894,0.058731584220791166,60,0.4020474981578115,1.3305584158531487,0.8422666861399152,2.0,118.0,helissen2022,2022_826367,treatment,activity,mouse,HLU
543.287182114395,8.57472833049912,16.55748664331339,0.7668916240882877,60,0.03808990532318751,0.24777419690880687,0.23092092289489255,2.0,118.0,helissen2022,2022_826367,treatment,hr,mouse,HLU
35.7919033682617,0.4514941120714635,22.48531141825668,0.00024552608139638554,60,0.5067441025305344,0.9935183134762039,0.03092497925944569,2.0,118.0,helissen2022,2022_826367,treatment,tb_core,mouse,HLU
