variable,dataset,n_animals,n_days_treat,true_dphi,power,sd_base,sd_treat
activity,helissen2020,4,5,1.0,0.1175,0.3680643652251976,4.19058459746378
activity,helissen2020,4,5,2.0,0.308,0.3680643652251976,4.19058459746378
activity,helissen2020,4,5,3.0,0.571,0.3680643652251976,4.19058459746378
activity,helissen2020,4,7,1.0,0.136,0.3680643652251976,4.19058459746378
activity,helissen2020,4,7,2.0,0.4165,0.3680643652251976,4.19058459746378
activity,helissen2020,4,7,3.0,0.712,0.3680643652251976,4.19058459746378
activity,helissen2020,4,10,1.0,0.1915,0.3680643652251976,4.19058459746378
activity,helissen2020,4,10,2.0,0.5345,0.3680643652251976,4.19058459746378
activity,helissen2020,4,10,3.0,0.844,0.3680643652251976,4.19058459746378
activity,helissen2020,4,14,1.0,0.257,0.3680643652251976,4.19058459746378
activity,helissen2020,4,14,2.0,0.6505,0.3680643652251976,4.19058459746378
activity,helissen2020,4,14,3.0,0.9205,0.3680643652251976,4.19058459746378
activity,helissen2020,4,21,1.0,0.321,0.3680643652251976,4.19058459746378
activity,helissen2020,4,21,2.0,0.8115,0.3680643652251976,4.19058459746378
activity,helissen2020,4,21,3.0,0.9805,0.3680643652251976,4.19058459746378
activity,helissen2020,6,5,1.0,0.171,0.3680643652251976,4.19058459746378
activity,helissen2020,6,5,2.0,0.56,0.3680643652251976,4.19058459746378
activity,helissen2020,6,5,3.0,0.872,0.3680643652251976,4.19058459746378
activity,helissen2020,6,7,1.0,0.249,0.3680643652251976,4.19058459746378
activity,helissen2020,6,7,2.0,0.6825,0.3680643652251976,4.19058459746378
activity,helissen2020,6,7,3.0,0.9555,0.3680643652251976,4.19058459746378
activity,helissen2020,6,10,1.0,0.3225,0.3680643652251976,4.19058459746378
activity,helissen2020,6,10,2.0,0.837,0.3680643652251976,4.19058459746378
activity,helissen2020,6,10,3.0,0.989,0.3680643652251976,4.19058459746378
activity,helissen2020,6,14,1.0,0.418,0.3680643652251976,4.19058459746378
activity,helissen2020,6,14,2.0,0.916,0.3680643652251976,4.19058459746378
activity,helissen2020,6,14,3.0,0.997,0.3680643652251976,4.19058459746378
activity,helissen2020,6,21,1.0,0.5715,0.3680643652251976,4.19058459746378
activity,helissen2020,6,21,2.0,0.9815,0.3680643652251976,4.19058459746378
activity,helissen2020,6,21,3.0,1.0,0.3680643652251976,4.19058459746378
activity,helissen2020,8,5,1.0,0.241,0.3680643652251976,4.19058459746378
activity,helissen2020,8,5,2.0,0.738,0.3680643652251976,4.19058459746378
activity,helissen2020,8,5,3.0,0.9735,0.3680643652251976,4.19058459746378
activity,helissen2020,8,7,1.0,0.324,0.3680643652251976,4.19058459746378
activity,helissen2020,8,7,2.0,0.856,0.3680643652251976,4.19058459746378
activity,helissen2020,8,7,3.0,0.995,0.3680643652251976,4.19058459746378
activity,helissen2020,8,10,1.0,0.4485,0.3680643652251976,4.19058459746378
activity,helissen2020,8,10,2.0,0.9485,0.3680643652251976,4.19058459746378
activity,helissen2020,8,10,3.0,1.0,0.3680643652251976,4.19058459746378
activity,helissen2020,8,14,1.0,0.5735,0.3680643652251976,4.19058459746378
activity,helissen2020,8,14,2.0,0.99,0.3680643652251976,4.19058459746378
activity,helissen2020,8,14,3.0,1.0,0.3680643652251976,4.19058459746378
activity,helissen2020,8,21,1.0,0.7365,0.3680643652251976,4.19058459746378
activity,helissen2020,8,21,2.0,0.999,0.3680643652251976,4.19058459746378
activity,helissen2020,8,21,3.0,1.0,0.3680643652251976,4.19058459746378
activity,helissen2020,10,5,1.0,0.318,0.3680643652251976,4.19058459746378
activity,helissen2020,10,5,2.0,0.8505,0.3680643652251976,4.19058459746378
activity,helissen2020,10,5,3.0,0.9955,0.3680643652251976,4.19058459746378
activity,helissen2020,10,7,1.0,0.446,0.3680643652251976,4.19058459746378
activity,helissen2020,10,7,2.0,0.94,0.3680643652251976,4.19058459746378
activity,helissen2020,10,7,3.0,1.0,0.3680643652251976,4.19058459746378
activity,helissen2020,10,10,1.0,0.5625,0.3680643652251976,4.19058459746378
activity,helissen2020,10,10,2.0,0.985,0.3680643652251976,4.19058459746378
activity,helissen2020,10,10,3.0,1.0,0.3680643652251976,4.19058459746378
activity,helissen2020,10,14,1.0,0.693,0.3680643652251976,4.19058459746378
activity,helissen2020,10,14,2.0,0.9985,0.3680643652251976,4.19058459746378
activity,helissen2020,10,14,3.0,1.0,0.3680643652251976,4.19058459746378
activity,helissen2020,10,21,1.0,0.827,0.3680643652251976,4.19058459746378
activity,helissen2020,10,21,2.0,1.0,0.3680643652251976,4.19058459746378
activity,helissen2020,10,21,3.0,1.0,0.3680643652251976,4.19058459746378
activity,helissen2020,12,5,1.0,0.383,0.3680643652251976,4.19058459746378
activity,helissen2020,12,5,2.0,0.914,0.3680643652251976,4.19058459746378
activity,helissen2020,12,5,3.0,0.9995,0.3680643652251976,4.19058459746378
activity,helissen2020,12,7,1.0,0.506,0.3680643652251976,4.19058459746378
activity,helissen2020,12,7,2.0,0.977,0.3680643652251976,4.19058459746378
activity,helissen2020,12,7,3.0,1.0,0.3680643652251976,4.19058459746378
activity,helissen2020,12,10,1.0,0.642,0.3680643652251976,4.19058459746378
activity,helissen2020,12,10,2.0,0.9955,0.3680643652251976,4.19058459746378
activity,helissen2020,12,10,3.0,1.0,0.3680643652251976,4.19058459746378
activity,helissen2020,12,14,1.0,0.788,0.3680643652251976,4.19058459746378
activity,helissen2020,12,14,2.0,1.0,0.3680643652251976,4.19058459746378
activity,helissen2020,12,14,3.0,1.0,0.3680643652251976,4.19058459746378
activity,helissen2020,12,21,1.0,0.921,0.3680643652251976,4.19058459746378
activity,helissen2020,12,21,2.0,1.0,0.3680643652251976,4.19058459746378
activity,helissen2020,12,21,3.0,1.0,0.3680643652251976,4.19058459746378
activity,helissen2020,16,5,1.0,0.518,0.3680643652251976,4.19058459746378
activity,helissen2020,16,5,2.0,0.9755,0.3680643652251976,4.19058459746378
activity,helissen2020,16,5,3.0,0.999,0.3680643652251976,4.19058459746378
activity,helissen2020,16,7,1.0,0.643,0.3680643652251976,4.19058459746378
activity,helissen2020,16,7,2.0,0.9975,0.3680643652251976,4.19058459746378
activity,helissen2020,16,7,3.0,1.0,0.3680643652251976,4.19058459746378
activity,helissen2020,16,10,1.0,0.8015,0.3680643652251976,4.19058459746378
activity,helissen2020,16,10,2.0,1.0,0.3680643652251976,4.19058459746378
activity,helissen2020,16,10,3.0,1.0,0.3680643652251976,4.19058459746378
activity,helissen2020,16,14,1.0,0.9105,0.3680643652251976,4.19058459746378
activity,helissen2020,16,14,2.0,1.0,0.3680643652251976,4.19058459746378
activity,helissen2020,16,14,3.0,1.0,0.3680643652251976,4.19058459746378
activity,helissen2020,16,21,1.0,0.9805,0.3680643652251976,4.19058459746378
activity,helissen2020,16,21,2.0,1.0,0.3680643652251976,4.19058459746378
activity,helissen2020,16,21,3.0,1.0,0.3680643652251976,4.19058459746378
activity,helissen2021,4,5,1.0,0.102,0.13747515642163574,5.217705393830799
activity,helissen2021,4,5,2.0,0.241,0.13747515642163574,5.217705393830799
activity,helissen2021,4,5,3.0,0.425,0.13747515642163574,5.217705393830799
activity,helissen2021,4,7,1.0,0.1185,0.13747515642163574,5.217705393830799
activity,helissen2021,4,7,2.0,0.292,0.13747515642163574,5.217705393830799
activity,helissen2021,4,7,3.0,0.543,0.13747515642163574,5.217705393830799
activity,helissen2021,4,10,1.0,0.129,0.13747515642163574,5.217705393830799
activity,helissen2021,4,10,2.0,0.395,0.13747515642163574,5.217705393830799
activity,helissen2021,4,10,3.0,0.705,0.13747515642163574,5.217705393830799
activity,helissen2021,4,14,1.0,0.172,0.13747515642163574,5.217705393830799
activity,helissen2021,4,14,2.0,0.4775,0.13747515642163574,5.217705393830799
activity,helissen2021,4,14,3.0,0.797,0.13747515642163574,5.217705393830799
activity,helissen2021,4,21,1.0,0.2335,0.13747515642163574,5.217705393830799
activity,helissen2021,4,21,2.0,0.6645,0.13747515642163574,5.217705393830799
activity,helissen2021,4,21,3.0,0.922,0.13747515642163574,5.217705393830799
activity,helissen2021,6,5,1.0,0.1425,0.13747515642163574,5.217705393830799
activity,helissen2021,6,5,2.0,0.3855,0.13747515642163574,5.217705393830799
activity,helissen2021,6,5,3.0,0.711,0.13747515642163574,5.217705393830799
activity,helissen2021,6,7,1.0,0.173,0.13747515642163574,5.217705393830799
activity,helissen2021,6,7,2.0,0.5045,0.13747515642163574,5.217705393830799
activity,helissen2021,6,7,3.0,0.839,0.13747515642163574,5.217705393830799
activity,helissen2021,6,10,1.0,0.2255,0.13747515642163574,5.217705393830799
activity,helissen2021,6,10,2.0,0.646,0.13747515642163574,5.217705393830799
activity,helissen2021,6,10,3.0,0.9395,0.13747515642163574,5.217705393830799
activity,helissen2021,6,14,1.0,0.3165,0.13747515642163574,5.217705393830799
activity,helissen2021,6,14,2.0,0.7935,0.13747515642163574,5.217705393830799
activity,helissen2021,6,14,3.0,0.9885,0.13747515642163574,5.217705393830799
activity,helissen2021,6,21,1.0,0.398,0.13747515642163574,5.217705393830799
activity,helissen2021,6,21,2.0,0.9135,0.13747515642163574,5.217705393830799
activity,helissen2021,6,21,3.0,0.998,0.13747515642163574,5.217705393830799
activity,helissen2021,8,5,1.0,0.1825,0.13747515642163574,5.217705393830799
activity,helissen2021,8,5,2.0,0.5645,0.13747515642163574,5.217705393830799
activity,helissen2021,8,5,3.0,0.8665,0.13747515642163574,5.217705393830799
activity,helissen2021,8,7,1.0,0.225,0.13747515642163574,5.217705393830799
activity,helissen2021,8,7,2.0,0.692,0.13747515642163574,5.217705393830799
activity,helissen2021,8,7,3.0,0.9595,0.13747515642163574,5.217705393830799
activity,helissen2021,8,10,1.0,0.304,0.13747515642163574,5.217705393830799
activity,helissen2021,8,10,2.0,0.834,0.13747515642163574,5.217705393830799
activity,helissen2021,8,10,3.0,0.992,0.13747515642163574,5.217705393830799
activity,helissen2021,8,14,1.0,0.428,0.13747515642163574,5.217705393830799
activity,helissen2021,8,14,2.0,0.927,0.13747515642163574,5.217705393830799
activity,helissen2021,8,14,3.0,0.998,0.13747515642163574,5.217705393830799
activity,helissen2021,8,21,1.0,0.564,0.13747515642163574,5.217705393830799
activity,helissen2021,8,21,2.0,0.99,0.13747515642163574,5.217705393830799
activity,helissen2021,8,21,3.0,1.0,0.13747515642163574,5.217705393830799
activity,helissen2021,10,5,1.0,0.2275,0.13747515642163574,5.217705393830799
activity,helissen2021,10,5,2.0,0.683,0.13747515642163574,5.217705393830799
activity,helissen2021,10,5,3.0,0.952,0.13747515642163574,5.217705393830799
activity,helissen2021,10,7,1.0,0.3,0.13747515642163574,5.217705393830799
activity,helissen2021,10,7,2.0,0.7975,0.13747515642163574,5.217705393830799
activity,helissen2021,10,7,3.0,0.9915,0.13747515642163574,5.217705393830799
activity,helissen2021,10,10,1.0,0.3735,0.13747515642163574,5.217705393830799
activity,helissen2021,10,10,2.0,0.924,0.13747515642163574,5.217705393830799
activity,helissen2021,10,10,3.0,0.999,0.13747515642163574,5.217705393830799
activity,helissen2021,10,14,1.0,0.5265,0.13747515642163574,5.217705393830799
activity,helissen2021,10,14,2.0,0.9765,0.13747515642163574,5.217705393830799
activity,helissen2021,10,14,3.0,1.0,0.13747515642163574,5.217705393830799
activity,helissen2021,10,21,1.0,0.6635,0.13747515642163574,5.217705393830799
activity,helissen2021,10,21,2.0,0.9975,0.13747515642163574,5.217705393830799
activity,helissen2021,10,21,3.0,1.0,0.13747515642163574,5.217705393830799
activity,helissen2021,12,5,1.0,0.2845,0.13747515642163574,5.217705393830799
activity,helissen2021,12,5,2.0,0.785,0.13747515642163574,5.217705393830799
activity,helissen2021,12,5,3.0,0.9825,0.13747515642163574,5.217705393830799
activity,helissen2021,12,7,1.0,0.355,0.13747515642163574,5.217705393830799
activity,helissen2021,12,7,2.0,0.892,0.13747515642163574,5.217705393830799
activity,helissen2021,12,7,3.0,0.9985,0.13747515642163574,5.217705393830799
activity,helissen2021,12,10,1.0,0.4705,0.13747515642163574,5.217705393830799
activity,helissen2021,12,10,2.0,0.974,0.13747515642163574,5.217705393830799
activity,helissen2021,12,10,3.0,1.0,0.13747515642163574,5.217705393830799
activity,helissen2021,12,14,1.0,0.614,0.13747515642163574,5.217705393830799
activity,helissen2021,12,14,2.0,0.9965,0.13747515642163574,5.217705393830799
activity,helissen2021,12,14,3.0,1.0,0.13747515642163574,5.217705393830799
activity,helissen2021,12,21,1.0,0.7995,0.13747515642163574,5.217705393830799
activity,helissen2021,12,21,2.0,1.0,0.13747515642163574,5.217705393830799
activity,helissen2021,12,21,3.0,1.0,0.13747515642163574,5.217705393830799
activity,helissen2021,16,5,1.0,0.3595,0.13747515642163574,5.217705393830799
activity,helissen2021,16,5,2.0,0.8925,0.13747515642163574,5.217705393830799
activity,helissen2021,16,5,3.0,0.997,0.13747515642163574,5.217705393830799
activity,helissen2021,16,7,1.0,0.468,0.13747515642163574,5.217705393830799
activity,helissen2021,16,7,2.0,0.964,0.13747515642163574,5.217705393830799
activity,helissen2021,16,7,3.0,1.0,0.13747515642163574,5.217705393830799
activity,helissen2021,16,10,1.0,0.6025,0.13747515642163574,5.217705393830799
activity,helissen2021,16,10,2.0,0.9945,0.13747515642163574,5.217705393830799
activity,helissen2021,16,10,3.0,1.0,0.13747515642163574,5.217705393830799
activity,helissen2021,16,14,1.0,0.761,0.13747515642163574,5.217705393830799
activity,helissen2021,16,14,2.0,1.0,0.13747515642163574,5.217705393830799
activity,helissen2021,16,14,3.0,1.0,0.13747515642163574,5.217705393830799
activity,helissen2021,16,21,1.0,0.918,0.13747515642163574,5.217705393830799
activity,helissen2021,16,21,2.0,1.0,0.13747515642163574,5.217705393830799
activity,helissen2021,16,21,3.0,1.0,0.13747515642163574,5.217705393830799
activity,helissen2022,4,5,1.0,0.1255,1.1144337254140306,4.021692322498499
activity,helissen2022,4,5,2.0,0.302,1.1144337254140306,4.021692322498499
activity,helissen2022,4,5,3.0,0.5465,1.1144337254140306,4.021692322498499
activity,helissen2022,4,7,1.0,0.1405,1.1144337254140306,4.021692322498499
activity,helissen2022,4,7,2.0,0.4015,1.1144337254140306,4.021692322498499
activity,helissen2022,4,7,3.0,0.6825,1.1144337254140306,4.021692322498499
activity,helissen2022,4,10,1.0,0.1615,1.1144337254140306,4.021692322498499
activity,helissen2022,4,10,2.0,0.491,1.1144337254140306,4.021692322498499
activity,helissen2022,4,10,3.0,0.786,1.1144337254140306,4.021692322498499
activity,helissen2022,4,14,1.0,0.204,1.1144337254140306,4.021692322498499
activity,helissen2022,4,14,2.0,0.5835,1.1144337254140306,4.021692322498499
activity,helissen2022,4,14,3.0,0.8635,1.1144337254140306,4.021692322498499
activity,helissen2022,4,21,1.0,0.263,1.1144337254140306,4.021692322498499
activity,helissen2022,4,21,2.0,0.6935,1.1144337254140306,4.021692322498499
activity,helissen2022,4,21,3.0,0.9385,1.1144337254140306,4.021692322498499
activity,helissen2022,6,5,1.0,0.193,1.1144337254140306,4.021692322498499
activity,helissen2022,6,5,2.0,0.5395,1.1144337254140306,4.021692322498499
activity,helissen2022,6,5,3.0,0.8725,1.1144337254140306,4.021692322498499
activity,helissen2022,6,7,1.0,0.2165,1.1144337254140306,4.021692322498499
activity,helissen2022,6,7,2.0,0.657,1.1144337254140306,4.021692322498499
activity,helissen2022,6,7,3.0,0.939,1.1144337254140306,4.021692322498499
activity,helissen2022,6,10,1.0,0.272,1.1144337254140306,4.021692322498499
activity,helissen2022,6,10,2.0,0.785,1.1144337254140306,4.021692322498499
activity,helissen2022,6,10,3.0,0.9825,1.1144337254140306,4.021692322498499
activity,helissen2022,6,14,1.0,0.355,1.1144337254140306,4.021692322498499
activity,helissen2022,6,14,2.0,0.8695,1.1144337254140306,4.021692322498499
activity,helissen2022,6,14,3.0,0.9965,1.1144337254140306,4.021692322498499
activity,helissen2022,6,21,1.0,0.4585,1.1144337254140306,4.021692322498499
activity,helissen2022,6,21,2.0,0.9495,1.1144337254140306,4.021692322498499
activity,helissen2022,6,21,3.0,0.9995,1.1144337254140306,4.021692322498499
activity,helissen2022,8,5,1.0,0.255,1.1144337254140306,4.021692322498499
activity,helissen2022,8,5,2.0,0.707,1.1144337254140306,4.021692322498499
activity,helissen2022,8,5,3.0,0.9695,1.1144337254140306,4.021692322498499
activity,helissen2022,8,7,1.0,0.3165,1.1144337254140306,4.021692322498499
activity,helissen2022,8,7,2.0,0.819,1.1144337254140306,4.021692322498499
activity,helissen2022,8,7,3.0,0.9945,1.1144337254140306,4.021692322498499
activity,helissen2022,8,10,1.0,0.411,1.1144337254140306,4.021692322498499
activity,helissen2022,8,10,2.0,0.93,1.1144337254140306,4.021692322498499
activity,helissen2022,8,10,3.0,0.998,1.1144337254140306,4.021692322498499
activity,helissen2022,8,14,1.0,0.4775,1.1144337254140306,4.021692322498499
activity,helissen2022,8,14,2.0,0.9765,1.1144337254140306,4.021692322498499
activity,helissen2022,8,14,3.0,1.0,1.1144337254140306,4.021692322498499
activity,helissen2022,8,21,1.0,0.6065,1.1144337254140306,4.021692322498499
activity,helissen2022,8,21,2.0,0.994,1.1144337254140306,4.021692322498499
activity,helissen2022,8,21,3.0,1.0,1.1144337254140306,4.021692322498499
activity,helissen2022,10,5,1.0,0.319,1.1144337254140306,4.021692322498499
activity,helissen2022,10,5,2.0,0.832,1.1144337254140306,4.021692322498499
activity,helissen2022,10,5,3.0,0.9925,1.1144337254140306,4.021692322498499
activity,helissen2022,10,7,1.0,0.3855,1.1144337254140306,4.021692322498499
activity,helissen2022,10,7,2.0,0.919,1.1144337254140306,4.021692322498499
activity,helissen2022,10,7,3.0,0.998,1.1144337254140306,4.021692322498499
activity,helissen2022,10,10,1.0,0.534,1.1144337254140306,4.021692322498499
activity,helissen2022,10,10,2.0,0.9715,1.1144337254140306,4.021692322498499
activity,helissen2022,10,10,3.0,1.0,1.1144337254140306,4.021692322498499
activity,helissen2022,10,14,1.0,0.612,1.1144337254140306,4.021692322498499
activity,helissen2022,10,14,2.0,0.995,1.1144337254140306,4.021692322498499
activity,helissen2022,10,14,3.0,1.0,1.1144337254140306,4.021692322498499
activity,helissen2022,10,21,1.0,0.73,1.1144337254140306,4.021692322498499
activity,helissen2022,10,21,2.0,0.9995,1.1144337254140306,4.021692322498499
activity,helissen2022,10,21,3.0,1.0,1.1144337254140306,4.021692322498499
activity,helissen2022,12,5,1.0,0.382,1.1144337254140306,4.021692322498499
activity,helissen2022,12,5,2.0,0.909,1.1144337254140306,4.021692322498499
activity,helissen2022,12,5,3.0,0.997,1.1144337254140306,4.021692322498499
activity,helissen2022,12,7,1.0,0.471,1.1144337254140306,4.021692322498499
activity,helissen2022,12,7,2.0,0.972,1.1144337254140306,4.021692322498499
activity,helissen2022,12,7,3.0,1.0,1.1144337254140306,4.021692322498499
activity,helissen2022,12,10,1.0,0.6105,1.1144337254140306,4.021692322498499
activity,helissen2022,12,10,2.0,0.994,1.1144337254140306,4.021692322498499
activity,helissen2022,12,10,3.0,1.0,1.1144337254140306,4.021692322498499
activity,helissen2022,12,14,1.0,0.7095,1.1144337254140306,4.021692322498499
activity,helissen2022,12,14,2.0,1.0,1.1144337254140306,4.021692322498499
activity,helissen2022,12,14,3.0,1.0,1.1144337254140306,4.021692322498499
activity,helissen2022,12,21,1.0,0.834,1.1144337254140306,4.021692322498499
activity,helissen2022,12,21,2.0,1.0,1.1144337254140306,4.021692322498499
activity,helissen2022,12,21,3.0,1.0,1.1144337254140306,4.021692322498499
activity,helissen2022,16,5,1.0,0.494,1.1144337254140306,4.021692322498499
activity,helissen2022,16,5,2.0,0.982,1.1144337254140306,4.021692322498499
activity,helissen2022,16,5,3.0,1.0,1.1144337254140306,4.021692322498499
activity,helissen2022,16,7,1.0,0.6105,1.1144337254140306,4.021692322498499
activity,helissen2022,16,7,2.0,0.997,1.1144337254140306,4.021692322498499
activity,helissen2022,16,7,3.0,1.0,1.1144337254140306,4.021692322498499
activity,helissen2022,16,10,1.0,0.7545,1.1144337254140306,4.021692322498499
activity,helissen2022,16,10,2.0,0.9995,1.1144337254140306,4.021692322498499
activity,helissen2022,16,10,3.0,1.0,1.1144337254140306,4.021692322498499
activity,helissen2022,16,14,1.0,0.8465,1.1144337254140306,4.021692322498499
activity,helissen2022,16,14,2.0,1.0,1.1144337254140306,4.021692322498499
activity,helissen2022,16,14,3.0,1.0,1.1144337254140306,4.021692322498499
activity,helissen2022,16,21,1.0,0.9265,1.1144337254140306,4.021692322498499
activity,helissen2022,16,21,2.0,1.0,1.1144337254140306,4.021692322498499
activity,helissen2022,16,21,3.0,1.0,1.1144337254140306,4.021692322498499
tb_sub,helissen2020,4,5,1.0,0.117,0.29008815682880784,4.516313020920767
tb_sub,helissen2020,4,5,2.0,0.2785,0.29008815682880784,4.516313020920767
tb_sub,helissen2020,4,5,3.0,0.528,0.29008815682880784,4.516313020920767
tb_sub,helissen2020,4,7,1.0,0.141,0.29008815682880784,4.516313020920767
tb_sub,helissen2020,4,7,2.0,0.35,0.29008815682880784,4.516313020920767
tb_sub,helissen2020,4,7,3.0,0.6525,0.29008815682880784,4.516313020920767
tb_sub,helissen2020,4,10,1.0,0.1745,0.29008815682880784,4.516313020920767
tb_sub,helissen2020,4,10,2.0,0.4825,0.29008815682880784,4.516313020920767
tb_sub,helissen2020,4,10,3.0,0.778,0.29008815682880784,4.516313020920767
tb_sub,helissen2020,4,14,1.0,0.207,0.29008815682880784,4.516313020920767
tb_sub,helissen2020,4,14,2.0,0.59,0.29008815682880784,4.516313020920767
tb_sub,helissen2020,4,14,3.0,0.882,0.29008815682880784,4.516313020920767
tb_sub,helissen2020,4,21,1.0,0.292,0.29008815682880784,4.516313020920767
tb_sub,helissen2020,4,21,2.0,0.763,0.29008815682880784,4.516313020920767
tb_sub,helissen2020,4,21,3.0,0.973,0.29008815682880784,4.516313020920767
tb_sub,helissen2020,6,5,1.0,0.158,0.29008815682880784,4.516313020920767
tb_sub,helissen2020,6,5,2.0,0.513,0.29008815682880784,4.516313020920767
tb_sub,helissen2020,6,5,3.0,0.8265,0.29008815682880784,4.516313020920767
tb_sub,helissen2020,6,7,1.0,0.2255,0.29008815682880784,4.516313020920767
tb_sub,helissen2020,6,7,2.0,0.64,0.29008815682880784,4.516313020920767
tb_sub,helissen2020,6,7,3.0,0.918,0.29008815682880784,4.516313020920767
tb_sub,helissen2020,6,10,1.0,0.302,0.29008815682880784,4.516313020920767
tb_sub,helissen2020,6,10,2.0,0.787,0.29008815682880784,4.516313020920767
tb_sub,helissen2020,6,10,3.0,0.976,0.29008815682880784,4.516313020920767
tb_sub,helissen2020,6,14,1.0,0.372,0.29008815682880784,4.516313020920767
tb_sub,helissen2020,6,14,2.0,0.8845,0.29008815682880784,4.516313020920767
tb_sub,helissen2020,6,14,3.0,0.9965,0.29008815682880784,4.516313020920767
tb_sub,helissen2020,6,21,1.0,0.491,0.29008815682880784,4.516313020920767
tb_sub,helissen2020,6,21,2.0,0.969,0.29008815682880784,4.516313020920767
tb_sub,helissen2020,6,21,3.0,0.9995,0.29008815682880784,4.516313020920767
tb_sub,helissen2020,8,5,1.0,0.2265,0.29008815682880784,4.516313020920767
tb_sub,helissen2020,8,5,2.0,0.672,0.29008815682880784,4.516313020920767
tb_sub,helissen2020,8,5,3.0,0.9445,0.29008815682880784,4.516313020920767
tb_sub,helissen2020,8,7,1.0,0.301,0.29008815682880784,4.516313020920767
tb_sub,helissen2020,8,7,2.0,0.8115,0.29008815682880784,4.516313020920767
tb_sub,helissen2020,8,7,3.0,0.9905,0.29008815682880784,4.516313020920767
tb_sub,helissen2020,8,10,1.0,0.3905,0.29008815682880784,4.516313020920767
tb_sub,helissen2020,8,10,2.0,0.9225,0.29008815682880784,4.516313020920767
tb_sub,helissen2020,8,10,3.0,0.999,0.29008815682880784,4.516313020920767
tb_sub,helissen2020,8,14,1.0,0.53,0.29008815682880784,4.516313020920767
tb_sub,helissen2020,8,14,2.0,0.977,0.29008815682880784,4.516313020920767
tb_sub,helissen2020,8,14,3.0,1.0,0.29008815682880784,4.516313020920767
tb_sub,helissen2020,8,21,1.0,0.675,0.29008815682880784,4.516313020920767
tb_sub,helissen2020,8,21,2.0,0.9985,0.29008815682880784,4.516313020920767
tb_sub,helissen2020,8,21,3.0,1.0,0.29008815682880784,4.516313020920767
tb_sub,helissen2020,10,5,1.0,0.293,0.29008815682880784,4.516313020920767
tb_sub,helissen2020,10,5,2.0,0.792,0.29008815682880784,4.516313020920767
tb_sub,helissen2020,10,5,3.0,0.984,0.29008815682880784,4.516313020920767
tb_sub,helissen2020,10,7,1.0,0.38,0.29008815682880784,4.516313020920767
tb_sub,helissen2020,10,7,2.0,0.9065,0.29008815682880784,4.516313020920767
tb_sub,helissen2020,10,7,3.0,0.996,0.29008815682880784,4.516313020920767
tb_sub,helissen2020,10,10,1.0,0.5,0.29008815682880784,4.516313020920767
tb_sub,helissen2020,10,10,2.0,0.9745,0.29008815682880784,4.516313020920767
tb_sub,helissen2020,10,10,3.0,1.0,0.29008815682880784,4.516313020920767
tb_sub,helissen2020,10,14,1.0,0.6345,0.29008815682880784,4.516313020920767
tb_sub,helissen2020,10,14,2.0,0.997,0.29008815682880784,4.516313020920767
tb_sub,helissen2020,10,14,3.0,1.0,0.29008815682880784,4.516313020920767
tb_sub,helissen2020,10,21,1.0,0.7955,0.29008815682880784,4.516313020920767
tb_sub,helissen2020,10,21,2.0,1.0,0.29008815682880784,4.516313020920767
tb_sub,helissen2020,10,21,3.0,1.0,0.29008815682880784,4.516313020920767
tb_sub,helissen2020,12,5,1.0,0.3415,0.29008815682880784,4.516313020920767
tb_sub,helissen2020,12,5,2.0,0.865,0.29008815682880784,4.516313020920767
tb_sub,helissen2020,12,5,3.0,0.996,0.29008815682880784,4.516313020920767
tb_sub,helissen2020,12,7,1.0,0.449,0.29008815682880784,4.516313020920767
tb_sub,helissen2020,12,7,2.0,0.962,0.29008815682880784,4.516313020920767
tb_sub,helissen2020,12,7,3.0,0.9995,0.29008815682880784,4.516313020920767
tb_sub,helissen2020,12,10,1.0,0.592,0.29008815682880784,4.516313020920767
tb_sub,helissen2020,12,10,2.0,0.994,0.29008815682880784,4.516313020920767
tb_sub,helissen2020,12,10,3.0,1.0,0.29008815682880784,4.516313020920767
tb_sub,helissen2020,12,14,1.0,0.743,0.29008815682880784,4.516313020920767
tb_sub,helissen2020,12,14,2.0,1.0,0.29008815682880784,4.516313020920767
tb_sub,helissen2020,12,14,3.0,1.0,0.29008815682880784,4.516313020920767
tb_sub,helissen2020,12,21,1.0,0.883,0.29008815682880784,4.516313020920767
tb_sub,helissen2020,12,21,2.0,1.0,0.29008815682880784,4.516313020920767
tb_sub,helissen2020,12,21,3.0,1.0,0.29008815682880784,4.516313020920767
tb_sub,helissen2020,16,5,1.0,0.457,0.29008815682880784,4.516313020920767
tb_sub,helissen2020,16,5,2.0,0.9625,0.29008815682880784,4.516313020920767
tb_sub,helissen2020,16,5,3.0,1.0,0.29008815682880784,4.516313020920767
tb_sub,helissen2020,16,7,1.0,0.588,0.29008815682880784,4.516313020920767
tb_sub,helissen2020,16,7,2.0,0.9935,0.29008815682880784,4.516313020920767
tb_sub,helissen2020,16,7,3.0,1.0,0.29008815682880784,4.516313020920767
tb_sub,helissen2020,16,10,1.0,0.735,0.29008815682880784,4.516313020920767
tb_sub,helissen2020,16,10,2.0,0.9995,0.29008815682880784,4.516313020920767
tb_sub,helissen2020,16,10,3.0,1.0,0.29008815682880784,4.516313020920767
tb_sub,helissen2020,16,14,1.0,0.865,0.29008815682880784,4.516313020920767
tb_sub,helissen2020,16,14,2.0,1.0,0.29008815682880784,4.516313020920767
tb_sub,helissen2020,16,14,3.0,1.0,0.29008815682880784,4.516313020920767
tb_sub,helissen2020,16,21,1.0,0.9625,0.29008815682880784,4.516313020920767
tb_sub,helissen2020,16,21,2.0,1.0,0.29008815682880784,4.516313020920767
tb_sub,helissen2020,16,21,3.0,1.0,0.29008815682880784,4.516313020920767
tb_sub,helissen2021,4,5,1.0,0.146,0.23776570741145822,3.7682467888597326
tb_sub,helissen2021,4,5,2.0,0.36,0.23776570741145822,3.7682467888597326
tb_sub,helissen2021,4,5,3.0,0.6875,0.23776570741145822,3.7682467888597326
tb_sub,helissen2021,4,7,1.0,0.1635,0.23776570741145822,3.7682467888597326
tb_sub,helissen2021,4,7,2.0,0.478,0.23776570741145822,3.7682467888597326
tb_sub,helissen2021,4,7,3.0,0.79,0.23776570741145822,3.7682467888597326
tb_sub,helissen2021,4,10,1.0,0.2165,0.23776570741145822,3.7682467888597326
tb_sub,helissen2021,4,10,2.0,0.6035,0.23776570741145822,3.7682467888597326
tb_sub,helissen2021,4,10,3.0,0.912,0.23776570741145822,3.7682467888597326
tb_sub,helissen2021,4,14,1.0,0.2825,0.23776570741145822,3.7682467888597326
tb_sub,helissen2021,4,14,2.0,0.745,0.23776570741145822,3.7682467888597326
tb_sub,helissen2021,4,14,3.0,0.958,0.23776570741145822,3.7682467888597326
tb_sub,helissen2021,4,21,1.0,0.381,0.23776570741145822,3.7682467888597326
tb_sub,helissen2021,4,21,2.0,0.8785,0.23776570741145822,3.7682467888597326
tb_sub,helissen2021,4,21,3.0,0.9935,0.23776570741145822,3.7682467888597326
tb_sub,helissen2021,6,5,1.0,0.219,0.23776570741145822,3.7682467888597326
tb_sub,helissen2021,6,5,2.0,0.6205,0.23776570741145822,3.7682467888597326
tb_sub,helissen2021,6,5,3.0,0.926,0.23776570741145822,3.7682467888597326
tb_sub,helissen2021,6,7,1.0,0.285,0.23776570741145822,3.7682467888597326
tb_sub,helissen2021,6,7,2.0,0.7765,0.23776570741145822,3.7682467888597326
tb_sub,helissen2021,6,7,3.0,0.982,0.23776570741145822,3.7682467888597326
tb_sub,helissen2021,6,10,1.0,0.3955,0.23776570741145822,3.7682467888597326
tb_sub,helissen2021,6,10,2.0,0.8885,0.23776570741145822,3.7682467888597326
tb_sub,helissen2021,6,10,3.0,0.998,0.23776570741145822,3.7682467888597326
tb_sub,helissen2021,6,14,1.0,0.511,0.23776570741145822,3.7682467888597326
tb_sub,helissen2021,6,14,2.0,0.9705,0.23776570741145822,3.7682467888597326
tb_sub,helissen2021,6,14,3.0,0.9995,0.23776570741145822,3.7682467888597326
tb_sub,helissen2021,6,21,1.0,0.66,0.23776570741145822,3.7682467888597326
tb_sub,helissen2021,6,21,2.0,0.9945,0.23776570741145822,3.7682467888597326
tb_sub,helissen2021,6,21,3.0,1.0,0.23776570741145822,3.7682467888597326
tb_sub,helissen2021,8,5,1.0,0.3375,0.23776570741145822,3.7682467888597326
tb_sub,helissen2021,8,5,2.0,0.822,0.23776570741145822,3.7682467888597326
tb_sub,helissen2021,8,5,3.0,0.9885,0.23776570741145822,3.7682467888597326
tb_sub,helissen2021,8,7,1.0,0.407,0.23776570741145822,3.7682467888597326
tb_sub,helissen2021,8,7,2.0,0.925,0.23776570741145822,3.7682467888597326
tb_sub,helissen2021,8,7,3.0,0.999,0.23776570741145822,3.7682467888597326
tb_sub,helissen2021,8,10,1.0,0.5315,0.23776570741145822,3.7682467888597326
tb_sub,helissen2021,8,10,2.0,0.977,0.23776570741145822,3.7682467888597326
tb_sub,helissen2021,8,10,3.0,1.0,0.23776570741145822,3.7682467888597326
tb_sub,helissen2021,8,14,1.0,0.659,0.23776570741145822,3.7682467888597326
tb_sub,helissen2021,8,14,2.0,0.997,0.23776570741145822,3.7682467888597326
tb_sub,helissen2021,8,14,3.0,1.0,0.23776570741145822,3.7682467888597326
tb_sub,helissen2021,8,21,1.0,0.8295,0.23776570741145822,3.7682467888597326
tb_sub,helissen2021,8,21,2.0,0.9995,0.23776570741145822,3.7682467888597326
tb_sub,helissen2021,8,21,3.0,1.0,0.23776570741145822,3.7682467888597326
tb_sub,helissen2021,10,5,1.0,0.3935,0.23776570741145822,3.7682467888597326
tb_sub,helissen2021,10,5,2.0,0.912,0.23776570741145822,3.7682467888597326
tb_sub,helissen2021,10,5,3.0,0.9995,0.23776570741145822,3.7682467888597326
tb_sub,helissen2021,10,7,1.0,0.5115,0.23776570741145822,3.7682467888597326
tb_sub,helissen2021,10,7,2.0,0.977,0.23776570741145822,3.7682467888597326
tb_sub,helissen2021,10,7,3.0,1.0,0.23776570741145822,3.7682467888597326
tb_sub,helissen2021,10,10,1.0,0.6495,0.23776570741145822,3.7682467888597326
tb_sub,helissen2021,10,10,2.0,0.9975,0.23776570741145822,3.7682467888597326
tb_sub,helissen2021,10,10,3.0,1.0,0.23776570741145822,3.7682467888597326
tb_sub,helissen2021,10,14,1.0,0.7865,0.23776570741145822,3.7682467888597326
tb_sub,helissen2021,10,14,2.0,0.9995,0.23776570741145822,3.7682467888597326
tb_sub,helissen2021,10,14,3.0,1.0,0.23776570741145822,3.7682467888597326
tb_sub,helissen2021,10,21,1.0,0.922,0.23776570741145822,3.7682467888597326
tb_sub,helissen2021,10,21,2.0,1.0,0.23776570741145822,3.7682467888597326
tb_sub,helissen2021,10,21,3.0,1.0,0.23776570741145822,3.7682467888597326
tb_sub,helissen2021,12,5,1.0,0.4665,0.23776570741145822,3.7682467888597326
tb_sub,helissen2021,12,5,2.0,0.9665,0.23776570741145822,3.7682467888597326
tb_sub,helissen2021,12,5,3.0,1.0,0.23776570741145822,3.7682467888597326
tb_sub,helissen2021,12,7,1.0,0.6015,0.23776570741145822,3.7682467888597326
tb_sub,helissen2021,12,7,2.0,0.9915,0.23776570741145822,3.7682467888597326
tb_sub,helissen2021,12,7,3.0,1.0,0.23776570741145822,3.7682467888597326
tb_sub,helissen2021,12,10,1.0,0.751,0.23776570741145822,3.7682467888597326
tb_sub,helissen2021,12,10,2.0,0.9995,0.23776570741145822,3.7682467888597326
tb_sub,helissen2021,12,10,3.0,1.0,0.23776570741145822,3.7682467888597326
tb_sub,helissen2021,12,14,1.0,0.869,0.23776570741145822,3.7682467888597326
tb_sub,helissen2021,12,14,2.0,1.0,0.23776570741145822,3.7682467888597326
tb_sub,helissen2021,12,14,3.0,1.0,0.23776570741145822,3.7682467888597326
tb_sub,helissen2021,12,21,1.0,0.967,0.23776570741145822,3.7682467888597326
tb_sub,helissen2021,12,21,2.0,1.0,0.23776570741145822,3.7682467888597326
tb_sub,helissen2021,12,21,3.0,1.0,0.23776570741145822,3.7682467888597326
tb_sub,helissen2021,16,5,1.0,0.5905,0.23776570741145822,3.7682467888597326
tb_sub,helissen2021,16,5,2.0,0.9915,0.23776570741145822,3.7682467888597326
tb_sub,helissen2021,16,5,3.0,1.0,0.23776570741145822,3.7682467888597326
tb_sub,helissen2021,16,7,1.0,0.738,0.23776570741145822,3.7682467888597326
tb_sub,helissen2021,16,7,2.0,0.9995,0.23776570741145822,3.7682467888597326
tb_sub,helissen2021,16,7,3.0,1.0,0.23776570741145822,3.7682467888597326
tb_sub,helissen2021,16,10,1.0,0.863,0.23776570741145822,3.7682467888597326
tb_sub,helissen2021,16,10,2.0,1.0,0.23776570741145822,3.7682467888597326
tb_sub,helissen2021,16,10,3.0,1.0,0.23776570741145822,3.7682467888597326
tb_sub,helissen2021,16,14,1.0,0.966,0.23776570741145822,3.7682467888597326
tb_sub,helissen2021,16,14,2.0,1.0,0.23776570741145822,3.7682467888597326
tb_sub,helissen2021,16,14,3.0,1.0,0.23776570741145822,3.7682467888597326
tb_sub,helissen2021,16,21,1.0,0.995,0.23776570741145822,3.7682467888597326
tb_sub,helissen2021,16,21,2.0,1.0,0.23776570741145822,3.7682467888597326
tb_sub,helissen2021,16,21,3.0,1.0,0.23776570741145822,3.7682467888597326
tb_core,helissen2022,4,5,1.0,0.2035,0.30679174776681073,2.7687328229841817
tb_core,helissen2022,4,5,2.0,0.5955,0.30679174776681073,2.7687328229841817
tb_core,helissen2022,4,5,3.0,0.866,0.30679174776681073,2.7687328229841817
tb_core,helissen2022,4,7,1.0,0.28,0.30679174776681073,2.7687328229841817
tb_core,helissen2022,4,7,2.0,0.708,0.30679174776681073,2.7687328229841817
tb_core,helissen2022,4,7,3.0,0.9555,0.30679174776681073,2.7687328229841817
tb_core,helissen2022,4,10,1.0,0.335,0.30679174776681073,2.7687328229841817
tb_core,helissen2022,4,10,2.0,0.8305,0.30679174776681073,2.7687328229841817
tb_core,helissen2022,4,10,3.0,0.9855,0.30679174776681073,2.7687328229841817
tb_core,helissen2022,4,14,1.0,0.429,0.30679174776681073,2.7687328229841817
tb_core,helissen2022,4,14,2.0,0.9235,0.30679174776681073,2.7687328229841817
tb_core,helissen2022,4,14,3.0,0.998,0.30679174776681073,2.7687328229841817
tb_core,helissen2022,4,21,1.0,0.5935,0.30679174776681073,2.7687328229841817
tb_core,helissen2022,4,21,2.0,0.979,0.30679174776681073,2.7687328229841817
tb_core,helissen2022,4,21,3.0,0.9995,0.30679174776681073,2.7687328229841817
tb_core,helissen2022,6,5,1.0,0.3535,0.30679174776681073,2.7687328229841817
tb_core,helissen2022,6,5,2.0,0.873,0.30679174776681073,2.7687328229841817
tb_core,helissen2022,6,5,3.0,0.994,0.30679174776681073,2.7687328229841817
tb_core,helissen2022,6,7,1.0,0.4625,0.30679174776681073,2.7687328229841817
tb_core,helissen2022,6,7,2.0,0.9525,0.30679174776681073,2.7687328229841817
tb_core,helissen2022,6,7,3.0,0.9995,0.30679174776681073,2.7687328229841817
tb_core,helissen2022,6,10,1.0,0.5885,0.30679174776681073,2.7687328229841817
tb_core,helissen2022,6,10,2.0,0.99,0.30679174776681073,2.7687328229841817
tb_core,helissen2022,6,10,3.0,1.0,0.30679174776681073,2.7687328229841817
tb_core,helissen2022,6,14,1.0,0.728,0.30679174776681073,2.7687328229841817
tb_core,helissen2022,6,14,2.0,0.9985,0.30679174776681073,2.7687328229841817
tb_core,helissen2022,6,14,3.0,1.0,0.30679174776681073,2.7687328229841817
tb_core,helissen2022,6,21,1.0,0.872,0.30679174776681073,2.7687328229841817
tb_core,helissen2022,6,21,2.0,1.0,0.30679174776681073,2.7687328229841817
tb_core,helissen2022,6,21,3.0,1.0,0.30679174776681073,2.7687328229841817
tb_core,helissen2022,8,5,1.0,0.5025,0.30679174776681073,2.7687328229841817
tb_core,helissen2022,8,5,2.0,0.9725,0.30679174776681073,2.7687328229841817
tb_core,helissen2022,8,5,3.0,0.9995,0.30679174776681073,2.7687328229841817
tb_core,helissen2022,8,7,1.0,0.6105,0.30679174776681073,2.7687328229841817
tb_core,helissen2022,8,7,2.0,0.992,0.30679174776681073,2.7687328229841817
tb_core,helissen2022,8,7,3.0,1.0,0.30679174776681073,2.7687328229841817
tb_core,helissen2022,8,10,1.0,0.783,0.30679174776681073,2.7687328229841817
tb_core,helissen2022,8,10,2.0,1.0,0.30679174776681073,2.7687328229841817
tb_core,helissen2022,8,10,3.0,1.0,0.30679174776681073,2.7687328229841817
tb_core,helissen2022,8,14,1.0,0.891,0.30679174776681073,2.7687328229841817
tb_core,helissen2022,8,14,2.0,1.0,0.30679174776681073,2.7687328229841817
tb_core,helissen2022,8,14,3.0,1.0,0.30679174776681073,2.7687328229841817
tb_core,helissen2022,8,21,1.0,0.968,0.30679174776681073,2.7687328229841817
tb_core,helissen2022,8,21,2.0,1.0,0.30679174776681073,2.7687328229841817
tb_core,helissen2022,8,21,3.0,1.0,0.30679174776681073,2.7687328229841817
tb_core,helissen2022,10,5,1.0,0.628,0.30679174776681073,2.7687328229841817
tb_core,helissen2022,10,5,2.0,0.9965,0.30679174776681073,2.7687328229841817
tb_core,helissen2022,10,5,3.0,1.0,0.30679174776681073,2.7687328229841817
tb_core,helissen2022,10,7,1.0,0.758,0.30679174776681073,2.7687328229841817
tb_core,helissen2022,10,7,2.0,0.9995,0.30679174776681073,2.7687328229841817
tb_core,helissen2022,10,7,3.0,1.0,0.30679174776681073,2.7687328229841817
tb_core,helissen2022,10,10,1.0,0.8885,0.30679174776681073,2.7687328229841817
tb_core,helissen2022,10,10,2.0,1.0,0.30679174776681073,2.7687328229841817
tb_core,helissen2022,10,10,3.0,1.0,0.30679174776681073,2.7687328229841817
tb_core,helissen2022,10,14,1.0,0.954,0.30679174776681073,2.7687328229841817
tb_core,helissen2022,10,14,2.0,1.0,0.30679174776681073,2.7687328229841817
tb_core,helissen2022,10,14,3.0,1.0,0.30679174776681073,2.7687328229841817
tb_core,helissen2022,10,21,1.0,0.992,0.30679174776681073,2.7687328229841817
tb_core,helissen2022,10,21,2.0,1.0,0.30679174776681073,2.7687328229841817
tb_core,helissen2022,10,21,3.0,1.0,0.30679174776681073,2.7687328229841817
tb_core,helissen2022,12,5,1.0,0.7065,0.30679174776681073,2.7687328229841817
tb_core,helissen2022,12,5,2.0,0.9985,0.30679174776681073,2.7687328229841817
tb_core,helissen2022,12,5,3.0,1.0,0.30679174776681073,2.7687328229841817
tb_core,helissen2022,12,7,1.0,0.845,0.30679174776681073,2.7687328229841817
tb_core,helissen2022,12,7,2.0,1.0,0.30679174776681073,2.7687328229841817
tb_core,helissen2022,12,7,3.0,1.0,0.30679174776681073,2.7687328229841817
tb_core,helissen2022,12,10,1.0,0.947,0.30679174776681073,2.7687328229841817
tb_core,helissen2022,12,10,2.0,1.0,0.30679174776681073,2.7687328229841817
tb_core,helissen2022,12,10,3.0,1.0,0.30679174776681073,2.7687328229841817
tb_core,helissen2022,12,14,1.0,0.984,0.30679174776681073,2.7687328229841817
tb_core,helissen2022,12,14,2.0,1.0,0.30679174776681073,2.7687328229841817
tb_core,helissen2022,12,14,3.0,1.0,0.30679174776681073,2.7687328229841817
tb_core,helissen2022,12,21,1.0,0.9995,0.30679174776681073,2.7687328229841817
tb_core,helissen2022,12,21,2.0,1.0,0.30679174776681073,2.7687328229841817
tb_core,helissen2022,12,21,3.0,1.0,0.30679174776681073,2.7687328229841817
tb_core,helissen2022,16,5,1.0,0.8345,0.30679174776681073,2.7687328229841817
tb_core,helissen2022,16,5,2.0,1.0,0.30679174776681073,2.7687328229841817
tb_core,helissen2022,16,5,3.0,1.0,0.30679174776681073,2.7687328229841817
tb_core,helissen2022,16,7,1.0,0.94,0.30679174776681073,2.7687328229841817
tb_core,helissen2022,16,7,2.0,1.0,0.30679174776681073,2.7687328229841817
tb_core,helissen2022,16,7,3.0,1.0,0.30679174776681073,2.7687328229841817
tb_core,helissen2022,16,10,1.0,0.9885,0.30679174776681073,2.7687328229841817
tb_core,helissen2022,16,10,2.0,1.0,0.30679174776681073,2.7687328229841817
tb_core,helissen2022,16,10,3.0,1.0,0.30679174776681073,2.7687328229841817
tb_core,helissen2022,16,14,1.0,0.998,0.30679174776681073,2.7687328229841817
tb_core,helissen2022,16,14,2.0,1.0,0.30679174776681073,2.7687328229841817
tb_core,helissen2022,16,14,3.0,1.0,0.30679174776681073,2.7687328229841817
tb_core,helissen2022,16,21,1.0,1.0,0.30679174776681073,2.7687328229841817
tb_core,helissen2022,16,21,2.0,1.0,0.30679174776681073,2.7687328229841817
tb_core,helissen2022,16,21,3.0,1.0,0.30679174776681073,2.7687328229841817
